label,review
0,请南湖区公安分局协助查询联系方式，详情请见附件。
0,反映其在平湖当湖街道卓越铂尔曼酒店（中建三局）做机电通风、空调水安装，承包公司为上海浦昂公司，一起的涉及的四五十个工人共二百多万的工资尚未支付，要求相关部门及时调处。等共计4个事件需处理。
0,来电人反映南湖区科技城曹庄社区原曹庄粮站现商务局所属的居民楼被租赁给别人做烧烤，该烧烤店名字是老王烧烤，油烟味很大，持续3年多，其父亲因为这个去年肝癌晚期去世。其表示对附近居民影响很大，希望部门介入处理，尽快要求其搬离。
0,（扬言）来电人原是澉浦镇南北湖游船码头的承包人之一（总共三个码头），2017年3月份合同到期，当时告知承包人要全部回购，但是来电人和另外一户的码头在2019年8月4日回购后，剩余北湖的另外一个码头仍在继续经营，其认为有失公平，要求有关部门予以处理。（扬言：如不处理，将逐级进行信访）来电人原是澉浦镇南北湖游船码头的承包人之一（总共三个码头），2018年6月份合同到期，当时告知承包人要将三户游船码头全部回购，但在他与另外一户的码头在2019年8月4日回购后，剩余北湖的另外一个码头仍在继续经营，认为有失公平，要求有关部门予以处理。11月4日再次来电咨询处理进度，中心告知澉浦镇答复后，其对答复不认可，认为三个码头同时合同到期，为何（步东明，音似）码头不回购，要求尽快处理。（扬言若不解决，会向北京反映）
0,来电人是开发区（西塘桥街道）中王里小区的住户，反映每天晚上小区附近养猪场有恶臭飘到小区内，影响小区住户日常生活，望核查处理。等共计3个事件需处理。
0,来电人反映嘉善县天凝镇新联村西边有个养猪厂，比较臭，跟当地反映未有处理结果。等共计4个事件需处理。
0,【冠状病毒】【涉疫其他】来电人目前在南湖区凤桥镇三星路10号梅花洲景区对面梅洲酒店6226室隔离。现在反映该酒店卫生状况差，居住条件不好。来电人要求更换新的隔离酒店。请相关部门核实处理。等共计13个事件需处理。
0,系火星人厨具的廊坊的代理商（已投资了60-70万），和火星人厨具签订了相关合同，但是后续发现火星人夸大招商宣传，所规定的不符合实际要求（例如开完店以后还要求开大店，如果不开就按降级处理，随意扣款），因其未完成要求（未达到公司回款160万元的要求，其认为该要求不合理），被降级处理，去年有去过海宁信访局，政府帮助处理了，火星人的副总和其私下签订协议（是一个借条，表示公司要面临上市，这个借条不用还了，借条里有永不降级的条件)，另外公司还承诺会帮扶也未做到，要求对其造成的经济压力进行补偿。等共计3个事件需处理。
0,来电人是湘家荡度假区灵湖路1号碧水澜湾业主，反映小区很多外立墙面脱落严重，多次向开发商反映未果。等共计4个事件需处理。
0,2021年2月9日22时33分肖玲晶（330411199810192621、13758084635，户籍地凤桥镇陈良村西王兜10号，现住新篁竹里苑261号）报警称其父亲肖元根（330411196509062613、13758083421）把家里门反锁了，其回不了家，要求调解。后经了解父女两人因家庭财产、继母关系及肖玲晶找男朋友等问题，分别于（1月10日、1月11日、2月9日）多次报警，民警多次上门化解过，但几个当事人都还存在情况反复，至今该事件还是存在一定的隐患。
0,来电人反映西南湖景区的网红桥开放后，前来旅游的人经常乱停车，导致放鹤洲路拥堵不堪，而且司机随意按喇叭，影响周边居民休息，请有关部门核实处理。
0,来电人在江南国际城2栋附近的金雅花园做水电，老板拖欠1.2万元工资没有付。等共计5个事件需处理。
0,来电人在秀湖公园附近天力建筑工地上干活，反映工地拖欠其2020年11月和12月工资。等共计4个事件需处理。
0,2021年2月8日，我所接到群众报警称余南新苑205号装修的钱不肯付要拆东西。民警到达现场后经了解，张学军（身份证：330411197512252818，电话：13957317137）在建造余南新苑205号房子时向地砖店、门窗店等老板杜小明（身份证：33041119771027281X，手机号：18268457644）、朱国芳（身份证：330411197612172815，手机号：13705739510）、傅丰平（身份证：330411198211112816，手机号：13732589367）、屠学飞（身份证：330411198210142810、手机号：13957311406）、杜建利（身份证：330411196606252814，手机号：13586456366）、黄喜华（身份证：362202197611011833、手机号：13706586575）以先使用后付款的方式把地砖、门、窗帘等送到余南新苑205号进行装修，涉及到上述人员款项约10余万元。目前这笔款项已拖欠2、3年，张学军也拒不出面予以解决，电话也不接，现在杜小明、朱国芳等上述人员因无法讨回欠款，扬言要自行到余南新苑205号拆除他们提供的装潢材料，极易引发不稳定因素。
0,来电人在秀湖公园附近天力建筑工地上干活，反映工地拖欠其2020年11月和12月工资。等共计10个事件需处理。
0,反映其在南市路卓越壹号工地（中建二局）做水电工，现还拖欠2万多元工资还未支付，希望有关部门进行调处。等共计3个事件需处理。
0,反映吴越学府延期交房问题。等共计10个事件需处理。
0,反映其在南市路卓越壹号工地（中建二局）做水电工，现还拖欠2万多元工资还未支付，希望有关部门进行调处。等共计3个事件需处理。
0,2021年2月15日13时许，在王店镇人民医院，护士卜琴文（女，330411198705225423）报警称其医院一个病人刘芝观（男，330411195401121437）生命体征微弱，随时可能死亡，需要联系家属料理后续事项，现民警已联系到刘芝观的姐姐刘芝香（音译，13957342416）前去处理，但刘芝香称下班后再去，现需要村委会与其家人协同一起处理。
0,各位领导:您们好有关部门在春节期间关闭了海宁尖山观音寺。上海虽有新冠病例，也没听说要把上海关掉，任何一个商场、玉佛禅寺那么大的寺庙也没说要完全关掉。普陀山也没说要完全关掉。海宁尖山观音寺比上述任何一个地方的客流都要小得多吧。防控疫情固然重要，但请有关领导是否可以多替老百姓考虑一下，采取更为科学、人性的管理办法，比如带好口罩，控制客流量，每小时依次放入几十人。等等。感谢在百忙之中查看我的信件，期待尽快回信，谢谢！祝新年快乐！邓文聪2021年2月11日
0,反映海盐县人民医院对面的新城璟郡澜庭工地拖欠工资。等共计9个事件需处理。
0,关于“海宁祥生新语小区”成立业委会筹备小组，海宁市长安镇创智社区存在违规暗箱操作行为。1.公告中社区指定第三方监理公司“嘉兴利峥物业服务评估监理有限公司”并没有采取公开招标制。2.业主代表的资格有问题，不能党员和专业特长业主优先，剥夺了大多数业主的成员的合法权利。3.组织可以推荐，但是不能指定。4.报名中筹备组成员选择办法没有明确公布。5.严格意义上讲街道可以授权于社区进行指导工作，并不能以“创智社区”名义进行公开发文。诉求：1.要求政府相关领导和纪委部门彻查其相关关系。2.要求调整公告中，党员和专业特长的业主优先的资格。3.合法合规公开的原则招标选聘第三方公司。4.筹备组人员最终选定原则需提前另行公布。5.前期筹备组的成立，要说明受街道委托，社区落款也行，但是要有证明，或者双落款+街道公章。以上所有诉求望政府相关领导给予重视，还业主基本权利。等共计3个事件需处理。
0,来电人反映秀洲区新城街道盛世豪庭香园的1幢和3幢之间堆放了几十个垃圾桶，垃圾桶距离楼房只有五六米，但是并没有经过业主的同意，并且该地是消防通道口，表示这个情况非常影响周边住户的正常生活，并且影响消防安全，现对相关部门提出问题：1.占用小区内部的公共资源是否需要业主同意？2.小区内部建造相关公共建筑是否需要小区业主的同意？需要部门回电给出明确回复，另表示全体小区业主都不允许在该区域摆放垃圾桶或者建造垃圾中转站，没有任何协商余地，请相关部门核实处理。等共计4个事件需处理。
0,反映：浙师大中学部，家长委员会发布了通知，关于平板电脑征求意见表，写明已与公司签订合同，云流量费用为900元/年，三年2700元，平板一台2000元，备注如学生不买，孩子将不知道同步的作业，老师不能及时掌握跟踪孩子的学习情况，来电人表示前段时间刚刚禁止使用平板，之前查处了，现再次使用不合理，要求再次查处，这批的电脑是不是之前查处的电脑，重新回到学生手里，由家长买单？请相关部门调处。等共计7个事件需处理。
0,来电人在秀洲区中环西路中铁二十局7标段市政工程造高架烧电焊，被拖欠12月份工资。等共计5个事件需处理。
0,2021年2月6日，新丰镇欣隆盛世售楼部，经民警了解，2021年2月5日，孙仁根（男330411196509034014浙江省嘉兴市南湖区大桥镇由桥村方东11号电话：13115733987）在新丰镇欣禧湾认购一套房子，后来听说带他们来看房的中介有中介费拿的，孙仁根觉得这中介费应该返还给他们，为此孙仁根与其妻子刘双琼（女512223197405120481浙江省嘉兴市南湖区大桥镇由桥村方东１１号）到欣禧湾讨要说法，期间刘双琼声称要开发商退钱否则要吞农药，民警到达现场对刘双琼进行教育，同时让售楼部负责人郭孟超（男350111199706203914福建省福州市古田支路46号玉融花园1座南楼3梯4F单电话：15060090368）联系公司解决此事，郭孟超表示三天内给答复，双方认可此方案，刘双琼表示不会再有过激行为。孙仁根与刘双琼夫妻住在大桥镇由桥村方东１１号
0,海宁市长星培训学校、弘晟育成培训学校提前招生收费，而且不开发票有违规行为等共计5个事件需处理。
0,请南湖区公安分局协助查询联系方式，详情请见附件。
0,来电人是南湖区科技城九城·嘉佳家院业主，观塘云栌新建小区存在违法违规行为，开发商：吉翔置业，一、还在施工公示期，施工许可证没有下发，1月初开始提前施工，存在违法施工问题；二、小区楼间距和其小区很近，影响小区采光，要求施工方出具关于楼间距和采光的具体文件；三、九城·嘉佳家院小区南面有一条河，施工方把河填上了，是否获得相关部门许可，有没有破坏自然水质？四、车辆主出入口规划在信诚路上，路很窄，其小区出入口也在此，选址不合理，建议重新规划；五、施工噪音在85-100分贝，半夜存在施工扰民，是否获得夜间施工许可，因为公示时间只有一个星期，要求规划局及时给予反馈。
0,在嘉兴秀洲区，南湖区，经开区，多个楼盘销售商品房时，要求捆绑1-3个车位进行销售，车位30万人民币每个。导致嘉兴房价与备案价不符合。从房价备案数据上看，嘉兴年增长率在10%以内。但实际房价的增长同比超过20%。备案价在1.5-1.7万每平米，实际销售价在2.1-2.4万每平米。不符合中央政策，1.房价过快上涨，不利于房地产健康发展。2.房价过快上涨，接近上海郊区房价，不利于嘉兴承接上海外溢人口和产业，不利于长三角一体化。3天价车位，导致首付比例大幅增高，都是有钱人在买，在炒房，不利于刚需在嘉兴安家置业。4房价数据，弄虚作假，不利于国家统计数据，控制房地产泡沫和调控系统性风险等共计2个事件需处理。
0,"2021年1月27日9时许，胡慧琴（身份证：4130287197207317046,15157354932，余北村12组9号）报警称其老乡胡秀琴怀疑其勾引老公，有不正当关系。"
0,2020年12月06日，有群众报警称洪合镇国贸路到底汝兰根来电，不知道什么事情要报警，语无伦次。出警至现场，系汝兰根（洪合人，33041119660803321X，13736483043）在家干活，打110发牢骚，无事实，对其批评教育。
0,2021年01月06日下午，有群众报警称洪合镇洪合村姚金汇14号，银行卡被盗刷100多元。出警至现场，系汝兰根（洪合人，33041119660803321X，13736483043）的女儿绑定微信转走的，并不是被盗刷，之前是汝兰根的母亲汝美凤（洪合人，330411194504263222）到银行查询得知，告知自行协商解决。
0,都市文涛苑小区物业脏乱差，小区房间分割租赁给多个人居住，房屋门和楼道门被堵住一直不关，车库公共区域都是杂物，造成严重的火灾和卫生健康隐患，夏天猫狗乱窜臭不可闻，走道上到处虫子，冬天猫狗大小便，脏乱不堪。多次和物业与街道反应，没有任何改进，只有愈演愈烈的趋势。小区手机信号差，物业不允许移动搭建信号塔。小区绿化破坏，无人管理。管理不严，遇事不作为，街道不理，物业不管，这样让业主如何入住？
0,42幢业主联合维权，主动联系物业、社区街道协调解决问题，物业社区街道不愿正视问题，仍相互推诿，业主只好联系媒体、打市长热线、浙里办投诉维权，社区街道答复意见避重就轻，不愿正视问题，答非所问，回复说：“目前已停止一切施工，业主、物业、社区、街道进行当面沟通协商解决中。”实际上则是施工方继续安装垃圾房相关部件，激化矛盾。物业、社区、街道也没有主动联系维权的42幢业主协商解决问题，物业态度傲慢，社区街道不管事，物业公然宣称你们不是去找媒体了吗，你们继续找媒体好了呀，事情一直无法得到有效解决。在协商无果的情况下，大家继续到南湖分类办上访，工作人员说领导到七星街道了。上访人员又从分类办赶回七星，开所谓的“座谈会”，最后因为分类办领导太忙，没说几句就要走，造成讨论无果，分类办领导解决问题敷衍了事，而且下点解决问题之前也未通知和联系42幢业主，在整个问题的协调解决过程中完全无视业主的权益，准备搞一言堂，
0,来电人是城南街道香港兴业御缇湾业主，反映小区北面在施工，导致1号楼、2号楼门口地面下沉10多公分，现在担心楼房的主体结构有没有被破坏，楼房有没有倾斜，现要投诉，请相关部门协调处理。等共计4个事件需处理。
0,"2021年2月7日5时12分，王店派出所接110指令：王店梅园新村6幢103室，五十多岁的人叫不醒了。120反馈心跳没了。民警接到指令立即赶赴现场，经了解2021年2月7日4时许，报警人冯加敏（女，330411194105045420）在梅园新村6幢103室，发现其儿子金国伟（男，330411197001045411）呼吸困难，遂拨打120,将金国伟送往王店医院抢救，经抢救无效死亡，现已排除他杀，民警已对家属制作笔录，家属对其死亡无异议。"
0,来电人是澳洲花园的业主，自来水中有煤油的味道。等共计11个事件需处理。
0,【冠状病毒】【违法聚集】南湖区龙之梦4层玫瑰厅正在举行200人的中药养生培训活动，为期2天，今天是第1天，怀疑该集聚活动没有经过报备，参会人员很杂，来自全国各地，认为存在安全隐患，望相关部门核实处理。
0,来电人反映少年路封道，金福公寓小区车辆进不去，附近没有地方停车，车辆停在汤家弄，交警就会贴罚单，希望解决停车问题，请相关部门核实处理。等共计3个事件需处理。
0,来电人2020年11月购买了多彩城的商铺（地址：勤俭路1166号），全款一共付了48万，到现在开发商都没有跟自己网签，现要退房。请相关部门协调处理。等共计4个事件需处理。
0,来电人与大桥镇世贸璀璨华庭有工程款纠纷，拖欠一年多了，金额在1700万元左右，担心存在群体性事件。
0,来电人是嘉禾北京城商铺BF1-12A的业主，反映近期拆迁，收购价11600元/平，价格过低，请相关部门核实处理。等共计4个事件需处理。
0,反映其购买新埭进口商品城4幢5058室商铺，购买商铺时商品城承诺十年回购，但未与其签订回购协议，其现希望能退房或给其回购，希望部门及时调处。等共计3个事件需处理。
0,来电人是东菱天官坊小区的业委会，反映杨柳湾菜场进行改造，将化粪池的管道与小区的饮用水管道排在一起，影响小区居民用水，与张兵书记反映过，但菜场仅将饮用水管道挪了几公分，治标不治本，希望部门介入尽快彻底解决该问题。请相关部门核实处理。
0,反映：惠民街道阳光社区恒天花园里业委会主任登记王洪昌（是一个老大爷），但是王怀彬一直冒名顶替其工作，连小区业主都不是，没有合法的身份居然当了很久的小区业委会主任。投诉阳光社区明知其身份，对小区相关事宜还是直接与其沟通，要求社区撤职现有业委会成员的职务，请相关部门调处。等共计5个事件需处理。
0,各位领导:我是长安新天地公馆业主在2019年其等向海宁朗宏房地产开发有限公司购买商品房（毛坯房已经交付，精装修目前已经装修完毕但是存在问题太多、存在安全隐患，存在装修违约、装修风格设计效果图和样板房完全不符合、业主不敢收房请了验房师傅验出问题很多）房屋存在以下问题：1、商品房购买合同内注明商品房规划用途为商业，但其等不动产权证书上登记用途为办公、两处存在前后矛盾，合同存在欺诈，存在虚假宣传、存在虚假销售、无法保障合法居住、2、精装修房屋不符合装修协议标准；要求有关部门进行检测。3部分业主被违规收取居间服务费；4、精装修房屋开具购房发票金额不扣除一并支付的费用、精装修款没有开出正式发票存在偷税漏税行为；5、开发商不择手段，瞒天过海，将办公用房作为公寓房出售，严重地违反了国土资源开发的属性，水.电.物业费.及装修费私自哄抬收费标准，严重违背物价法，开发商连同装修公司胡作非为，激起了业主的愤怒，纷纷要求退房，业主花了銭，不能住，不敢住，请政府有关领导给予高度重视，帮忙处理，还业主一个公道，感谢。6、经过大多数业主商讨后关于房子存在多处虚假欺诈要求退房赔偿。经我们多次维权无果，海宁政府处理结果说合同错误，合同上这么明显存在欺诈政府部门（错误）二个字就给业主打发了，一个政府这么不负责任，业主结果都没有给处理就归档了，政府不给予处理直接推到法院，该房欺诈资产已过亿导致很多家庭破碎，基本业主贷款被虚假宣传买的，希望有关部门领导重视起来，帮忙协商处理等共计14个事件需处理。
0,反映新埭镇进口商品城验房时开发商提供材料不齐全问题。近日，新埭镇进口商品城一名业主通过信访件反映，2018年5月其与项目开发商（平湖香都市场开发有限公司）签订预售合同，开发商2020年12月31日通知其收房。其于2021年1月24日携有关资料到现场验房，但开发商以工程部没有时间、政府修改相关申请流程等理由，拒绝提供预售合同中提到的部分文件。截止1月26日，其仅收到一份A4纸大小的《竣工验收备案》（编号：31420020201218103）的电子版文件，并询问其是否有理由拒绝验房。我希望开发商提供的资料包括:(一)规划部门出具的《建设工程规划验收合格证》。(二)建设单位出具的《建设工程竣工验收报告》。(三)公安消防部门出具的《建设工程消防验收合格意见书》或备案凭证。(四)供水、供气、供电、通邮的永久使用证明材料。(五)人防、环保部门出具的认可文件或准许使用文件。等共计1个事件需处理。
0,来电人居住在信诚路的九城嘉佳家小区，紧靠信诚路南侧有一条河道现在已经被填埋，咨询了自然规划局后，工作人员告知该河道是归属小区开发商所有，由于开发商的景观需要才进行填埋的，但是来电人认为该河道是在小区外部的，应当是自然河道，不允许被填埋，要求相关部门公开对于该河道填埋的要求和相关批准条例。等共计3个事件需处理。
0,长安镇财富之星电费每度需要1.09元，已经严重超过浙江省商业用电规定，物业打着二次供电电损耗的名义乱收费等共计23个事件需处理。
0,南湖区人社局丶凤桥镇政府：我是梅花洲文旅公司酒店餐饮部员工。今天，向你们反映公司长期拖欠员工工资的严重问题。去年春节后尽管疫情影响，但梅州酒店影响不大，尤其是下半年开始经营正常，且经常加班加点，酒店月营收在300万左右。但公司长期拖欠员工工资，甚至半年不发工资。在此情况下，迫于生活，我只能在今年一月十五日离职。目前，文旅公司尚欠我去年十月、十一月丶十二月三个月及今年一月23天的工资，去年的年终十三薪工资共31200元。还有业务推销提成2579元，合计33779元。我们出来打工，一年辛辛苦苦。酒店的营收也足于支付员工工资，但他们以统筹为借口，把我们辛苦来的营收全部拿去支付银行利息，房地产建设费及总公司下面杂七杂八的亏损公司，酒店员工怨声载道。快过年了。按照中央丶省丶市丶区有关精神，农民工工资是不能拖欠的。希望区有关部门及镇政府出面协调，从社会稳定的大局出发。
0,2021年1月24日，三年前王文香（330411197002051426，电话13646734156）的弟弟给王有富（330411196204095035，电话15067303198）家造房子，王有富有部分尾款未付，王文香弟弟因近期交通事故就医，急需医药费故而上门讨要尾款。王有富认为房子质量有问题拒绝支付尾款，双方发生纠纷。现已告知王有富抓紧去做房屋质量检测以便协商尾款支付问题，望有关部门及时能跟进情况，予以协助。
0,2021年1月30日，乌桥瓜亩浜4号刘巧云（女372929197211116943山东省鄄城县引马乡马庄行政村北赵庄村96号电话：18458372523）与其房东王林荣（13967348656）因兔子关不住的问题发生口角，后刘巧云受到刺激而跳井。经了解刘巧云患有精神性疾病，民警已告知刘巧云家属对其多关注，必要时送往医院治疗。刘巧云精神情况不稳定，建议村委也对其进行关注。
0,本人于2018年5月购买海宁万城雅园5-304住宅，2021年1月收到收房通知，前往现场查看下，发现诸多违规事项：1.虚假宣传，规划与实际严重不符：①沙盘图布置时未标注或说明项目东边和北边存在大量高压线及配套高压输电电塔，高压输电塔位置被开发商按照绿化的方式体现，与项目现场实际严重不符；②沙盘图里显示项目北侧和东侧为大片绿化，现实际为荒地，开发商解释该土地为政府所有，不归万城进行绿化建设，既然土地不归万城，沙盘图就不应使用与实际不符的绿化进行沙盘图体现，涉嫌虚假宣传；③沙盘图里显示小区人员主行通道与车辆通道之间有绿化绿植进行隔离，实现人车分流，项目实际人员主行通道与车辆通道连在一起，与沙盘规划不一致，涉嫌虚假宣传（交房时工作人员解释说这个小区未规划人车分流，是否规划应与沙盘一致，不应以个人说法为准）；④原沙盘图中未进行车位显示的空地均被实际设置为停车位，小区地上停车位规划与沙盘图不符，涉嫌虚假宣传；;2.刻意隐瞒项目不利因素，未有效进行不利因素告知：项目购房时未通过任何书面形式告知本项目存在的不利因素具体有哪些，按照2013年版《消费者权益保护法》第26条规定，经营者必须以显著方式告知消费者项目的风险警示等与消费者有重大利害关系的内容，不得以通知、声明、店堂告示等方式，排除限制消费者权利。因此本项目购房者在购房时均未通知任何签字告知方式了解到项目旁建设有高压输电线及输电塔。因此开发商万城涉嫌未告知消费者重大利害关系内容，侵犯消费者合法权利。3.开发商利用各种手段到处压榨我们购房者，强制捆绑车位，伙同其它中介企业强制交四万服务费（民间说法为居间服务费），费用是在售楼处交的，收据为杭州携房网科技有限公司并未开出发票。而且开发商强制指定当地农商银行商业贷款，找的银行利率高的吓人6.86（利率上浮35%，是一般购房商业贷款的近两倍），首付40%。沙盘虚假宣传和实际都不一样，各种偷工减料，临近交房，又是各项霸王条款到处都是收费贵的要死。万城作为海宁有名的企业家开发好多房产旗下网上一收到处都有这些问题。请求上级领导严查。本人愿意实名制接受相关部门真实性调查等共计3个事件需处理。
0,来电人反映南德大院的电梯在一年内，物业处的维修记录就有15条，而小区实际只入住了15户，而现在开始维保却被告需要动用业主的维修基金（9户的电梯都需要维修），来电人不认可，认为还在维保期（3年内），而且维修率那么高，说明电梯本身就存在问题，不应该由业主承担费用。并表示电梯多次出现故障（包括突然下坠），十分吓人。请相关部门调查核实后给予回复。等共计3个事件需处理。
0,【冠状病毒】【违法聚集】来电人是滴滴司机，接到滴滴公司通知1月29日上午11:00到广益路3075号滴滴出行分公司进行培训，来电人认为疫情期间，公司组织大量员工聚集，存在疫情传播隐患。等共计3个事件需处理。
0,来电人在亚中路与由拳路闻泰上班，没有签订劳动合同，12月入职以来劳务一直少发工资，约定工资是22元/时，实际只有15元/时，还有其同行的一共5个人，都是16、17岁的学生，身上没有钱在公园里住了好几天了，没钱也回不了家（家都在甘肃、陕西等地），劳务还威胁其回去的话要打他们。来电人找大桥的劳动部门和司法所无果。劳务公司的名字：宁波黎阳人力资源有限公司，地址：闻泰招聘中心二楼。来电人希望部门为其讨要工资。
0,来电人是南湖区新嘉街道栅堰新村43幢2楼的业主，反映楼上301室住户住着一个80几岁的老太婆，昨天晚上11点多听到一次很大的声音，今天白天也没有看见老人，怀疑老人昏倒，要求社区人员去查看。
0,新塍镇庙云桥杨家门小区（八字小学东面）东面数到西面第三家噪音（拉横机声音）
0,来电人在经开区长水街道金融广场中铁12局江南国际城14号楼工地干活，反映老板拖欠其1年的工资。等共计4个事件需处理。
0,来电人是武原街道南塘琴园藏琴苑4幢业主，反映其家有一个车库，前几年向物业支付180元卫生服务费后，一直将家中两辆汽车停放在车库及车库出口处，近期物业收取180元车位管理费，告知车库只能停一辆车，其表示家中车库卷闸门一直是关着的，物业收费费用后如何进行管理，对该笔费用不认可，故来反映。等共计6个事件需处理。
0,来电人是平湖独山港镇碧桂园工地的小包工头，被拖欠150多万元工程款，导致来电人手下50多个工人的工资没办法发，法院二审已经判决，但对方还是没有付钱。其他被拖欠工程款的包工头带工人去省信访局上访，早就拿到了钱，来电人听从政府走法律途径，迟迟拿不到钱，希望政府介入，不然自己也带人去杭州上访。等共计3个事件需处理。
0,来电人反映大新路的康姿百德（主要出售床垫和床），现在以能治百病的噱头，哄骗母亲以3万元的价格购买一张健康床（暂时未付款，但1月27日左右到货会付款），来电人现咨询这家店是否有资质卖此类商品，并投诉商家夸大使用效果，要求部门介入调查并进行退款。请相关部门调查核实后给予回复。
0,反映：魏塘街道嘉辰医院出了事情，现在有很多老人药都停掉了，医院的工作人员称不在管理了，要求处理，请相关部门调处。等共计3个事件需处理。
0,系长安镇星星港湾清风苑20幢1单元401室业主（十几年的房子），其表示现在屋顶瓦片和外墙漏水严重，找了物业和业委会却被物业告知由于2016年小区其他苑有个工程没有结束，因此无法动用维修基金维修房屋，物业还阻止自己找师傅维修房屋，希望部门帮助核实处理此事。等共计2个事件需处理。
0,来电人多人是南湖区科技城九城·嘉佳家院业主，反映观塘云栌新建小区存在违法违规行为，开发商：吉翔置业，一、还在施工公示期，施工许可证没有下发，1月初开始提前施工，存在违法施工问题；二、小区楼间距和其小区很近，影响小区采光，要求施工方出具关于楼间距和采光的具体文件；三、九城·嘉佳家院小区南面有一条河，施工方把河填上了，是否获得相关部门许可，有没有破坏自然水质？四、车辆主出入口规划在信诚路上，路很窄，其小区出入口也在此，选址不合理，建议重新规划；五、施工噪音在85-100分贝，半夜存在施工扰民，是否获得夜间施工许可，因为公示时间只有一个星期，要求规划局及时给予反馈。等共计5个事件需处理。
0,【冠状病毒】【涉疫其他】来电人反映看到进凌公塘路和亚美路交叉口，亚太花苑小区门口的荣港超市的顾客都不戴口罩，而且店员也不测量体温。请相关部门调查核实后给予回复。
0,反映：来电人是罗星街道百合春天的业主，物业把小区北门封闭了，导致小区老人出行和小孩上学不便，建议北门把人行通道打开，请相关部门调处。等共计15个事件需处理。
0,民警陆子高辅警出警到民丰二村215幢107室，系报警人陈明珍（330411196312041229，13706732659）发现家中西侧卧室墙壁有水渗下来，后找到207室查看戴金凤家中查看无漏水现象，多次敲门208室始终无人应答，经从窗口查看108室，家中大面积漏水现象，等到108室住户骆开超（413025198201125110，13067693290）回来，查看其家中屋顶大面积有较大的水漏下来，后关掉108室电源及208室自来水阀门，联系208室住户卞雪英（330402194109270020，18067017617）称自己在外面，其老公王其方（330402193602040013）有老年痴呆症，陈明珍、骆开超称明天到社区反映处理。
0,反映：罗星街道白水塘东路31号诺贝儿早教中心，去年因管理人员不到位，来电人孩子在早教中心被欺负，现在想要退款，但是早教中心以签订合同超一年不能退款为由不让退款，来电人翻了合同没发现这条，且疫情期间早教中心不营业也无法退款。现存在以下问题一：店里的工作人员说，消协的工作人员同意店里不用退款。来电人认为不合理，消协并没有联系来电人，是哪位工作人员去店里说的，请提供不用退款的理由。二、来电人2020年2月份在合同有效期内就一直要求退款，但拖到合同到期了都未处理。要求电话联系，请相关部门调处。等共计10个事件需处理。
0,请南湖区公安分局协助查询联系方式，详情请见附件。
0,小区改造是件好事，但是我们小区原来的休闲广场未经业主同意，改成乡村大舞台，改造后百弊而无一利，孩子们跳上跳下增加危险，阿姨们在平台上跳舞也有掉下来的风险！望拆除！等共计12个事件需处理。
0,新塍庙云桥村部的水泥水渠被他人随意倾倒泥土覆盖，联系人方明13967375825
0,"报警人18357308803反应：""报警称有个老人迷路了，不认识回家的路""地点:""当湖东升南区东门口"""
0,反映当湖街道东湖明珠花园因隔壁工地施工导致部分房屋出现开裂问题。近日，当湖街道东湖明珠花园多名业主通过12345政务热线、信访件等渠道多次反映，其小区隔壁东湖里、鸿翔东望樾府两个楼盘工地开工以来地基打桩作业一直在施工，导致其小区内部分楼栋（3幢、5幢、8幢、10幢、13幢、14幢、15幢）都有不同程度上的开裂、地面沉降，个别楼栋（14幢等）的几户业主家中已出现承重墙开裂的问题，同时地下车库也出现了类似严重的开裂情况。其希望相关部门及时关注调处，并要求在查明原因，并处理完成之前停止施工。等共计11个事件需处理。
0,【冠状病毒】【检疫检查】来电人1月19日下午13：15分到嘉兴市第一医院湘家荡分院开药，反映医院防疫不到位，门卫没有人值守，进出人员不测温不查看健康码。
0,来电人是洪殷路与常秀街交叉口皇马公寓302号的商户，反映物业公司在未征求全体业主意见的情况下，直接张贴安装停车收费道闸的告示，认为属于违规操作，要求立即撤销告示，先征求业主意见再进行后续事宜。请相关部门核实处理。等共计6个事件需处理。
0,请南湖区公安分局协助查询联系方式，详情请见附件。
0,反映：魏塘街道香山社区商盛秋居南区，最近正在进行小区改造，但是西项村书记人为造成小区三次施工没有完成，围墙刚漆好就其被推倒，导致施工方无法按照图纸进行施工，且小区改造至今没有进行相关公示。商盛秋居南区和西项村改造公布出来的图纸上是没有该条路的，有两条路是在另外出口。该社区工作人员是根据什么依据，不应该是嘴巴说的，要有证据。要求施工方按照图纸进行各项施工安放，并且村书记不能继续干预，请相关部门调处。等共计10个事件需处理。
0,反映：魏塘街道香山社区商盛秋居南区，最近正在进行小区改造，但是西项村书记人为造成小区三次施工没有完成，围墙刚漆好就其被推倒，导致施工方无法按照图纸进行施工，且小区改造至今没有进行相关公示。商盛秋居南区和西项村改造公布出来的图纸上是没有该条路的，有两条路是在另外出口。该社区工作人员是根据什么依据，不应该是嘴巴说的，要有证据。要求施工方按照图纸进行各项施工安放，并且村书记不能继续干预，请相关部门调处。等共计6个事件需处理。
0,来电人多人是巴黎都市的业主，反映物业服务中心张贴了告示，从1月18日开始，没有买车位的业主，车辆一律不能进地下车库，小区的访客车位也在地下车库。小区没有业委会，认为物业不让小区业主的车辆进小区不合理。望相关部门核实处理。等共计2个事件需处理。
0,反映：来电人是惠民街道嘉业阳光城的业主，原本小区在2020年底与物业合同到期，要更换物业，2020年12月初业委会进行招投标，其中有两家物业公司中标，但是2020年12月28日最后投标日的时候，社区却发布了业委会9人中有7人辞职，导致招标无法进行，最后结果是原物业继续延续，觉得很不合理，原物业不作为，小区环境卫生差，小区内非常混乱，现要求重新更换物业管理小区，请相关部门调处。等共计4个事件需处理。
0,反映：来电人是惠民街道汾湖路嘉德花园小区的住户，小区旁边的浙江惠光生化有限公司，每天傍晚18点多就开始向外排放废气，该厂便向外排放废气，厂里异味严重，且严重影响周边小区空气环境，导致小区住户无法正常生活，建议加强管理。请相关部门调处。等共计4个事件需处理。
0,【冠状疾病】【涉疫其他】来电人反映文贤路和富润路交叉口的工业园区内有很多工厂，但是园区外的饭店和小超市还是没有防控意识，既不查看绿码，测体温，也不戴口罩。请相关部门调查核实后给予回复。
0,【冠状病毒】【违法聚集】来电人反映中山路八佰伴店于1月14日开始搞五周年嘉年华庆典活动，一直持续到1月18日，其觉得现在疫情紧张，搞这种聚集性活动很不合理。请相关部门调查处理。
0,反映当湖街道松枫御景花园在造垃圾分类投放点，之前公示的选址地址是在1幢东侧、2幢西侧，现在突然之前变更选址，在2幢东北面浇基座，变更选址事先并未进行过公示，也未征求2幢业主意见，2幢业主拨打当湖街道垃圾分类办与松枫社区电话一直无人接听，物业声称垃圾分类办领导说不用公示！要求相关部门及时调处，在征集意见之前停止施工。等共计6个事件需处理。
0,多人来电人是湘家荡湘湖左岸55幢住户，反映其小区物业人员要在55幢2单元入户大门口建立垃圾站点，其不认可，希望有关部门核实处理。等共计3个事件需处理。
0,今日，12345政务热线接到市民来电反映，独山港镇禾平地服装有限公司门口有数十名该企业员工聚集索要工资，该服装公司老板因生意亏损，已欠其公司员工2-3个月工资未发，平均每人每月工资为7000元左右，现该厂老板有要跑路的迹象，希望相关部门尽快介入调处。等共计2个事件需处理。
0,来电人是秀洲区油车港镇天星如意湾业主，反映业委会不作为，从来没有召开过业主大会，没有履行过职责，要求重选业委会，请相关相关部门核实处理。等共计4个事件需处理。
0,来电人系槜李路和升平路交叉口江南国际城4号楼的业主，反映房门设计存在问题，与预计不一样，现在开发商也承认问题是存在的，但是没有给予一个很好的解决方案，而且还催着交房。请相关部门调查核实后给予回复。等共计3个事件需处理。
0,电A06202101020011原反映：我要投诉桐乡碧桂园，我买了澜庭2幢1903室的房子，存在以下问题：1、防水没有做好，大部分墙起皮，还有开裂；2、电线裸露，存在安全问题；3、装修和宣传不符，20多万的装修费，只装修了5万元，装修的东西（比如家电等）以次充好，塑料也是劣质的；4、延期交房，本来约定是2019年12月21日交房，到现在还没交房，而且现在在未经业主同意的情况下擅自维修，维修前没有出过任何方案。现在还没交房，很多地方（包括大门）都已经生锈了，地下车库积水。我的诉求：退还20多万元实付装修款，并且赔偿延期交房的损失费，另外，公共区域需要在业主的监督下修改。希望建设部门和市场监管部门协调处理。原反映：碧桂园澜庭小区每幢楼一楼住户室内墙面长期出现渗漏、腻子脱落等严重渗水情况，近期排查发现为墙体夹层中存在大量积水，要求质检站重新质检墙体，希望相关部门核实后给予答复。现反映：碧桂园8月份让我把验房报告给他，说一个月内能修好，但是现在一点消息也没有，人也联系不到，我要求他们尽快给我修好，希望部门介入协调。建设局
0,【冠状病毒】【涉疫人车】来电人反映七星街道恒大香湖左岸小区，近一个月有辆河北邯郸的车（冀D0159V，13幢的业主）在小区出入，咨询是否从疫区过来？是否做过核酸检测？据说业主过年还要回河北，请相关部门核实处理。
0,来电人多人反映是建设街道社区卫生服务中心的工作人员，反映12月17日老爷车家纺公司的人来推销被子，表示原价3000多元，现在对医护人员有优惠，760元一床，现发现被子质量很差，联系销售退货对方不同意，且电话被拉黑，商家地址：秀洲区高照街道新农路26号，浙江老爷车服饰有限公司。等共计4个事件需处理。
0,2021年01月02日15时52分油车港天星如意湾时尚水果超市，音响声音吵扰民。
0,丽都水岸小区业主，反映消防通道被堵。业主无法从北门进出，昨天我们业主群里都在说，已过24小时为何一点反映都没有。丽都水岸一期和二期之间有个消防通道（该通道位于二期16、17幢排屋南面，当时需要预留该消防通道才能通过验收，但该通道没有划黄线禁停标识），今天被二期业主用几辆外地牌照的破旧面包车堵住了消防通道，看样子是要长期堵路的意思，业主群已经闹得沸沸扬扬，物业去管理了但也无法劝离违停车辆。来电诉求：1、要求部门介入处理，保障消防通道畅通。2、给该通道划黄线禁停标识。等共计3个事件需处理。
0,以防控疫情为由，住校生依旧住校，通校生自由进出，住校生心里极其不平衡，有影响住校生心里健康成长，造成一定程度的精神打击，不利于以后进入社会稳定发展，为社会主义建设造成隐患，望周知还不测体温然而对于学校真实情况对我们有所隐瞒极度不满等共计2个事件需处理。
0,来电人多人反映：凤桥镇绿城春风十里小区存在一些问题：1.精装修房子的油烟机无法吸油烟，存在质量问题；2.空调外机设备平台都是建筑垃圾，容易造成管道堵塞；3.连廊是开放式设计，雨雪天气路面湿滑，存在安全隐患。多次联系开发商反映未果，希望部门核实处理。等共计3个事件需处理。
0,【冠状病毒】【违法聚集】多名来电人系网约车司机，反映滴滴公司规定到广益路3075号滴滴服务中心南湖店大规模开会培训（时间在1月13日-1月15日上午10点开始到下午3点左右），而且是五县两区的司机都要开会，有百人左右，来电人表示疫情又严重起来，希望部门能制止。请相关部门核实处理。等共计4个事件需处理。
0,近日，有市民反映，我市教育局将统一乡镇幼儿园合同制教师的薪资标准，其表示幼儿教师的福利本身并不是特别好，且其所在幼儿园归属的街道有自己的待遇政策，该政策实行十多年合理合法。故对教育局的做法存有异议，一是如按照教育局的薪资测算方法，会直接影响部分教师的工资、五险一金，导致工资待遇的降低，二是会降低部分教职工的工作参与性、积极性与专业性。等共计2个事件需处理。
0,浙江省嘉兴市信访办领导:我们是嘉兴市南湖区凤桥镇凤翔路103号春风里二期的业主，嘉兴市嘉南置业有限公司在销售其春风里二期楼盘过程中存在以下问题，根据我们业主们反映情况，调查取证，严惩不良开发商欺诈消费者行为，为民做主。问题：1.嘉兴市嘉南置业有限公司（以下简称：开发商）开发销售的：嘉兴市南湖区凤桥镇春风里二期楼盘，在销售过程中欺诈消费者（楼盘销售说凡购买春风里二期房子的业主都能享受他们公司的会员服务项目），销售过程虚报价格，以购房款名义，额外多收取8万元人民币至嘉兴海欣广告传媒有限公司（以下简称：海欣公司），开发商采用第三方公司签订会员费（且会费定价无固定标准），与开发公司做法律上的隔离，（嘉兴市海欣传媒有限公司实际与开发商为利益共同体，操控及最终受益者受益者为陶明，系嘉兴市嘉南置业有限公司法定代表人、嘉兴市人大代表、）。开发商利用海欣公司，暗箱操作欺骗消费者，用于规避政府部门要求限价政策，额外收取非法所得。且这笔不合理的会费开发商是在买家付完预付首付后期准备签售房合同时，才拿出海欣会员协议要求买家支付，明显是欺诈捆绑销售且并未写进售房合同文本内。2.会员服务内容和8万价值严重不对等，且与协议描述相差过大等共计6个事件需处理。
0,反映：东栅街道泾水小区3期83幢403室是群租房，经常更换租客，租客身份不明，如何确保这些租客的健康信息？存在疫情风险，有可能就是疫情高风险地区过来的，同时也存在安全隐患，请有关部门核实处理。
0,【冠状病毒】【违法聚集】来电人系网约车司机，反映滴滴公司规定到广益路3075号滴滴服务中心南湖店大规模开会培训（时间在1月13日-1月15日上午10点开始到下午3点左右），而且是五县两区的司机都要开会，有百人左右，来电人表示疫情又严重起来，希望部门能制止。请相关部门核实处理。等共计7个事件需处理。
0,嘉兴市经济技术开发区金雅花园交付存在严重质量问题，见附件等共计6个事件需处理。
0,（寒潮）市长电话转接：海盐人才小区6幢2309室业主余女士反映，小区水管爆裂导致连续几天停水，电梯停用，楼层通道上积水冰冻，以上问题一直未解决，严重影响生活，要求尽快解决，如不解决要集体上访。（电话：13637163995）等共计15个事件需处理。
0,（寒潮）来电人居住在人才小区5幢2402室，反映小区停水多日，4部电梯只有1部电梯可以正常使用，另外的电梯已经停用10天，且楼梯上都是冰，严重影响日常出行，望尽快解决。等共计14个事件需处理。
0,催办。反映其2020年9月至12月31日在当湖街道三港路嘉和花苑小区改造工程的架子工，老板朱海明拖欠其等10人共20万左右工资。希望部门帮助调处。等共计3个事件需处理。
0,所购房产地址：嘉兴市南湖区七星街道1、交房问题；本人在19年购置期房，合同约定是20年9月30号交房，但由于疫情原因导致延期，交房通知书时间为12月31号，此楼盘8栋，层高在4-8层，满足248个住户左右；延期三个月是否合理？2、证件问题；交房时让开发商提供三证一书一表，但开发商未能提供，是否合理？不能提供证件，此楼盘是否通过验收？是否可以交房？3、安全隐患问题；A：电梯遮挡，当楼层住户同时打开房门时，电梯门被遮挡三分之二，存在安全隐患；后期如出现事故，责任谁来承担？B；楼下天然气管道四周没有围栏遮挡，且开关距离地面较低，容易出现安全事故，后果不堪设想；如造成问题，责任谁来承担？C；顶楼围栏问题，顶楼边上没有围栏，万一出现人员不慎跌落，责任问题谁来承担？4、施工问题：A：楼面凹凸不平，地面裂缝及墙面空鼓严重，此楼盘的质量问题是否合格？B：地下车库在人防位置有将近15-20公分高的门槛，普通车辆根本无法通过，即使通过也是严重损伤轮胎；C：部分储藏室有明显被水浸泡的痕迹，针对此问题开放商一直未给予正面答复D：部分外墙及地面明显缺损；且部分施供有明显粗糙、敷衍了事5、绿化问题：说好的人车分流，但实际交房时，地面大部分都是车位，和当初售房时严重不符；绿化面积是否达标？6、漏水问题，部分储藏室严重渗水7、虚假宣传：说好的精致洋房，但实际上与周边的拆迁房都无法相提并论；楼道瓷砖只有1楼有，2-8层楼道都没有瓷砖以上问题在12月26号左右都以明确告知开发商，但开发商针对此问题都未明确答复；且业主代表在12月30号及31号在嘉兴南湖区七星街道信访局反映过此问题，但后续回复说只能找住建委；望领导能在百忙之中，体察民情、为我们解决民生大事等共计4个事件需处理。
0,来电人是佳源都市业主，反映42-45幢的水表井单独裸露在房屋北面的风口，最近寒潮就被冻坏了，这几幢业主都5天没水了，来电人对此表示不满，要求开发商在水表井处加装窗户保护水表井，来电人向社区反映，社区表示只有8户打12345转过来反映这个问题，感觉问题就不是那么大，实际反映的居民不止8户，希望能把其诉求转给社区。希望有关部门核实处理。等共计13个事件需处理。
0,问题属地：依次南湖区七星镇投诉对象：嘉兴湘家荡酒店有限公司及绿禾名邸物业公标题：关于嘉兴市绿禾名邸小区前期物业服务乱收费的函正文：我于2020年3月和嘉兴湘家荡酒店有限公司签订商品房买卖合同，购买其开发的绿禾名邸住宅商品房。2020年12月30日，我收到嘉兴湘家荡酒店有限公司寄来的《绿禾名邸房屋交付通知书》。通知书附件3：业主应缴费明细中告知：其物业服务费标准为每月2.8元/平方米，地下车位管理费为每月50元/车位，垃圾清运费为5元/平方米。此三项费用均明显属违法收费。1.根据《嘉兴市本级物业服务收费管理实施办法》（嘉发改物【2013】66号）、《关于嘉兴市本级前期物业服务优质优价等有关问题的补充通知》（嘉发改物【2013】370号）、《关于嘉兴市本级前期物业服务优质优价申报考评和收费标准等有关问题的通知》（嘉发改物【2016】225号）等文件精规定，嘉兴市普通住宅小区物业收费中准价最高为一级（多层0.99元，小高层、高层1.55元），绿禾名邸物业管理费超出一级中准价80%之多。如其已申报优质优价，则其应在楼盘预售时予以公告明示，且如尚未考评认定的，前期物业收费标准先暂按一级来实施。但在项目售楼处及交房处均未有公告明示，且不能提供属地建设和市价格主管部门批复认定文件。属于明显违法收费。2.根据《嘉兴市本级物业服务收费管理实施办法》（嘉发改物【2013】66号）文件精神，普通住宅小区汽车停放服务费和垃圾清运费实行政府定价。即：地下车位停放服务费25元/月，垃圾清运费根据面积分为220元/次、320元/次及500元/次。绿禾名邸此两类收费明显远远高于文件中规定的价格，属于明显违法收费。在当前全面依法治国理念和习近平法治思想已深入人心的形势下，在嘉兴即将迎来建党百年的重大历史时刻，对于此类严重扰乱市场秩序、侵害百姓利益、明目张胆知法犯法的企业违法行为，请市物价主管部门和行业主管部门依据相关办法规定，根据《中华人民共和国价格法》和《价格违法行为行政处罚规定》予以严惩，并及时纠正此类违法行为，依法维护百姓权益。等共计11个事件需处理。
0,（预付卡诺德健）反映人在诺德健上城店办理了3年的年卡，大概4000元，还有2年未使用，私教课还剩10来节，200多元一节，今天微信群里说老板已经跑路了，店已关，故来电要求部门协调退款。（身份证号：330424199501162615卡号：8101397）等共计12个事件需处理。
0,来电人反映乍浦镇雅山西路，公司：郑佳服饰，老板拖欠工资，欠九十人左右，每个人两月工资，大概每人一万三四千元左右，已经拨打过港区劳动部门电话无果，望有关部门核实处理。
0,家长反映新仓中心小学、新仓中学取消校车接送引发部分学生上下学问题。近日，多名新仓中心小学、新仓中学的家长来电反映，该两所学校于2021年1月4日起取消校车接送，导致部分家长因工作等原因无法及时接送其孩子上下学，考虑到孩子上下学路上存在的安全隐患及气温低下等因素，来电人希望学校在本学期内不要取消校车，并建议原本的村级公交车能增设早上6点到7点之间和傍晚4点半至5点半之间的班次，方便有需要的学生乘坐。等共计13个事件需处理。
0,2021-1-419:18:45，2021-01-0221:34:37，2021-01-0220:34:10南湖派出所分别接到银柳坊16-504，银柳坊16栋505，银柳坊16-405三户人家反映楼上漏水到自己家里，民警到达现场，经了解，系604室住户王亮（女，电话：15967345373）的604室厨房间地面积水，漏到504室沈百京（男，电话：83656353）家中，导致其客厅、房间顶漏水地面也积水，404室姜剑铭（男，电话：18457319647）家中厨房房间顶也漏水，目前这几户人家对于维修赔偿问题尚未协商好，且水可能还漏到其他家住户家中，故上报
0,浙江省现在的商业用电大概0.6-0.7左右一度电，但我们住的海宁市长安镇汉帛星座的电费需要1.09元一度，物业打着二次供电损耗的名义乱加价，让我们汉帛星座的所有住户不堪重负，电费每度加价0.39元全被物业私自扣留。我们希望可以电费降到浙江省电力局政策规定的电费或者直接把二次供电变成一次供电，实现“一户一电表”，还我们一个公道！谢谢！等共计35个事件需处理。
0,投诉平湖中国服装城等共计4个事件需处理。
0,来电人购买了百步镇柳岸春风16幢706室的房屋，2020年12月23日交房，发现交房材料“三书一证一表”中少了一个“建设工程质量认定证书”，且小区地下车库渗水，怀疑房屋存在质量问题，望核实。等共计7个事件需处理。
0,通北村塘浜村民张永祥与其兄弟张其荣存在宅基地（土地）纠纷，多次到派出所反映情况。派出所询问过相关情况后，该纠纷属于双非警情，建议由属地通北村处理。
0,尊敬的领导：您好!我是嘉兴市南湖区南溪东路世茂璀璨华庭小区9幢小区业主。2020年12月28日晚我小区9幢楼顶楼外立面发生自然脱落现象，脱落体均为水泥块，并坠落在入户门口处，严重危害小区9幢业主的生命安全。该事件发生后，我小区业主均未收到任何来自物业、维保的任何通知（官方、微信群等消息渠道），而是在12月29日早上由我小区其他业主发现才得知情况，截止至今也未收到世茂璀璨华庭任何部门的正式情况说明。后我小区业主拨打世茂投诉电话，得到的回复内容是：“这几天由于寒潮原因，发现空谷现象，连夜操作把空谷铲掉修复”；但是实际情况是在12月28日晚8点钟左右，我小区业主已经发现9幢楼下已经拉有警戒线，世茂在这个问题上的回复罔顾事实。况且抛开这些问题不说，连夜铲除空谷难道不需要发布通知提醒业主注意安全？综合看来，世茂璀璨华庭管理层罔顾事实，轻视小区业主生命安全，回避问题逃避问题，真是让人寒心又痛心。因此我向领导进行申诉，请求对嘉兴市南湖区南溪东路世茂璀璨华庭9幢楼工程质量出现重大问题进行监督和管理，保障人民生命安全。以下是我们小区业主对世茂提出的诉求：1、世茂需对目前9栋大面积外墙脱落现象，找出问题根源，并第一时间向9栋全体业主进行情况通报，维护全体业主合法知情权；2、依据国家建筑质量标准和质保年限规定，对外墙脱落解决办法给出具体的施工方案，上报政府主管部门备案，并在业主监督员代表监督下进行维修施工；3、9栋外墙整改完毕后，由具备合法资质的政府主管部门或第三方社会检验机构，对9栋楼的所有外墙部分进行全面检测，并出示具有法律效力的正式报告（需盖章），向全体业主公示同时留档备查。希望领导能够严格监管世茂璀璨华庭建筑质量问题，给我们小区全体业主一个交代。等共计15个事件需处理。
0,来电人是绿地绿禾名邸1期业主，地面设置了车位，之前购买时被告知是人车分流的，要求将车位改成绿化，南大门的停车位改成溪水景观场。另建议北门恢复使用。夜光跑道改为塑胶夜光跑道，73幢07户08户大门是直角门，建议改内开或者对业主进行赔偿。大片草坪绿化因按照沙盘的布景，增加树木品种。每幢单元入户楼铺设的碎石改成鹅卵石，南侧入户走廊墙体两侧贴瓷砖，楼顶增加灯带，高层入户门锁更改成密码锁，另建议开放业主进行参观。希望开发商提供政府验收单。等共计6个事件需处理。
0,来电人是亚太路与锦带河路交汇处绿地新里城65幢803室业主，现开发商通知业主收房，原先说小区内建的是塑胶跑道，实际上是柏油路，儿童乐园设施不齐全，与宣传不符；另绿化里面也只有几棵树。现投诉开发商虚假宣传。请相关部门核实处理。等共计2个事件需处理。
0,注：2020121092245显示国家信访局已经督办。鉴于该信访件显示已经受理。反映，2001年，他们从重庆移民到浙江省嘉兴市海宁市马桥街道新塘村，现在除了每人每年600元补助外没有享受到任何扶持政策，他们的安置房偷工减料和质量不达标，屋内屋外出现很多处开裂，渗水严重，都成为危房，请求解决。现在地方承认当年安置的房屋已经成为危房，要求他们进行二次搬迁，搬迁补偿标准低，没有仅补偿十几万元，但是建房实际需要上百万元，三峡移民无力承担搬迁造房费用。他们当年自筹资金建造的厂房，有营业执照，搬迁也不赔偿。信访情况：2019年8月9日，马桥街道办事处作出答复意见书，没有具体回答移民后期安置补偿问题，没有提及房屋是否存在质量问题，没有告知如何处理。另反映，当地政府关押、稳控他们，上访的移民家家户户门口安装的有监控。系统中的办理情况系个别群众的个人答复，请属地对照进京访名单，逐一梳理回应。系统显示，属地已经受理，告知其返回当地耐心等待答复处理意见，如有问题需要向国家信访局反映可通过写信或网上投诉等方式。等共计8个事件需处理。
0,"2021年1月6日1时27分，我所接110指令：有个同事在说身体不舒服先回宿舍，现在找不到她，怕她出事，住在镇西小区。民警接到报警后处警，经了解系容桂甜（女，452402199609203029，户籍地址广东省怀集县连麦镇文岗村委会麻竹队13号，暂住王店镇西小区3期26幢1室，工作单位系浙江金顶新材料有限公司第三方劳务派遣）因身体不舒服先回宿舍休息，后其同事文发创（男，44122420000916701X,报警人）去宿舍寻找时未发现容桂甜，担心其出事遂报警，民警帮其查看监控，并告知巡逻队员在附近寻找，后于2021年1月6日10时许，在王店镇西小区2期中间桥边河道内发现一尸体，后由经其丈夫文荣首（男，441224199111107018）确认，该尸体为死者容桂甜。民警联系刑大、法医勘察，已初步排除他杀，尸体现已存放至嘉兴殡仪馆。"
0,在12月31号的时候，我们被学校告知线路出现了问题，不能开空调，正在维修中，然后三天元旦，假期过后被老师告知直接不让开空调了。他们的原因是线路老旧根本承受不起，整个学校都开空调，而据我们了解到有两个原因，第1个原因是别的班同学嬉戏玩耍的时候，一不小心误伤了空调，被学校的老师发现了，把闸门拉掉了。第二个原因是因为只有我们班和隔壁的一个班是开空调的，其他班经过我们朋友的了解都是不让开空调的，所以相当于整一个楼就只有两个班加上另外线路的办公室是开空调的，我认为这个线路老旧的这个问题是根本不存在的。近期天气忽冷忽热很容易使同学们感冒尤其是疫情肆虐更是危险。忽冷忽热的天气，让许多同学都感冒了，再过几天甚至要到零下，每个学生上课的时候都因为太冷而瑟瑟发抖。手也僵掉了，写字变得慢了，起来跟不上老师教学的速度。第2点就是关于早操这一点，这一点之前向你们反映过很多次了，但是根本没有效果。让我怀疑了你们的办事效率，或者说是你根本就没有看我们的投诉信。首先我想说的是跑步在早上并不是会对人体有利，早晨的空气是十分的脏的，那么多人密集在一起你们不怕出什么事吗？还有关于女生例假，稍微了解一点的就知道女生例假一般周期是7天，前三天尤为严重严重的女生甚至都不能走路。如果你们说那一天可以请假的话，那我只想说这个假还是要补回来的，而且如果这个女生在这一个星期内例假还是没有结束的话，下一个星期是要加跑的。希望领导们仔细的观看一下。等共计6个事件需处理。
0,贝丽英（15824373643）坐在火炬花苑7-205楼下被一个智力残疾人方炎佳（女330411199401031229）拍了两下，贝丽英希望政府对方炎佳进行收容。
0,在嘉兴余新金地艺华府邸，离小区近20米处建高压电塔，辐射对人体所产生的巨大危害不知相关部门是否顾及到！买房时不告知！90%以上住户不知情！据说二期买房挨边上有个别住户问起过，开发商拍胸脯打保票以后一定会下霾！现在突发施工赶建工期根本就不顾居民的身心健康。我们强烈要求政府部门移除或下霾高压电塔！还广大人民群众一个安定环保的居所！我们期盼！！等共计15个事件需处理。
0,来电人是南湖区余新镇金地都会艺境14幢的业主，近期发现小区西面在架高压线以及建造高压塔。等共计6个事件需处理。
0,【房产交易】反映其支付80万诚意金购买汇景幸福里房屋，约定开盘后7个工作日退还，但是至今没有退款，其认为不合理，希望部门帮助调处。等共计3个事件需处理。
0,时代悦府（悦府花苑）小区北侧，沿泾路延伸至海宁大道路段。道路标高设计比小区车库路口高出60多公分，形成道路雨水往小区车库倒灌。施工初有小区业主反映此情况，却没有引起重视。现在通过浅浅的建筑沟能解决倒灌问题嘛？沿泾路每年夏天积水积水严重，相关单位也应该知道。小区道路标高设计是通过规划审批及验收的，道路设计施工难道没有发现道路标高比小区车库出入口高很多嘛？道路标高是否能再从新设计及施工？是否能再增加一个40X40的结构沟来缓解道路雨水倒灌的问题？等共计10个事件需处理。
0,"2020-12-3114：44接110指挥中心指令：三水湾菜场里面南面到底，老人吕招娣（330402194706160022,13867349730）被菜场内的包装袋绊倒了，摔跤后右肩膀疼痛，后送往120就医，老人一方称要菜场负责。存在不稳定因素，特此上报。"
0,来电人嘉北街道东升西路30号万盛广场203-204室（爱芽儿童摄影）充值会员卡并订购摄影套餐，总价大概1万多，现发现商家关门了，现要求退款。等共计6个事件需处理。
0,反映东湖社区搬迁到御龙湾三期售楼部，在未征求居民的前提下，直接开展装修，至少程序不对，要求当湖街道尽快解决。等共计5个事件需处理。
0,反映东湖社区搬迁到御龙湾三期售楼部，在未征求居民的前提下，直接开展装修，至少程序不对，要求当湖街道尽快解决。等共计9个事件需处理。
0,南湖区新丰镇老07省道万安桥南面（新丰镇和大桥镇交界处），挖机在清理河道，把淤泥都挖到湖中间了。请相关部门核实处理。
0,来电人和朋友于12月26日晚上在凤桥镇三星路的梅洲酒店集体聚餐，12月27日晚开始到现在已经有10多个小孩出现呕吐拉肚子这种症状，部分大人也有这种情况，去凤桥镇卫生院就医，验血单子显示结果是病毒性的。医院告知如果一起就医达到3人就是集体性中毒事件。但分开就医，故医院没有和酒店方进行联系。现希望部门可以介入处理这次的集体性食物中毒问题。
0,来电人购买了南湖区七星街道鹭栖湖小区7幢10号的别墅，约定2020年7月1日收房并且缴纳物业费，但是当天验房发现房屋质量堪忧，有漏水、空鼓现象，门也歪了。开发商之后说会进行维修，现在差不多修好了，但物业公司仍然要求从2020年7月1日开始收取物业费，来电人认为不合理，请有关部门核实处理。
0,来电人是三景花园的住户，钧儒小学门口每天凌晨4点环卫车就来收垃圾且按喇叭，噪音扰民，影响周边居民休息，请相关部门核实处理。
0,嘉兴市海盐县武原镇文曲佳苑中间绿化带改停车位，把7幢8幢19幢20幢楼梯口改成小区停车场出入车道。不符合安全距离，多人多次反应，仍在施工中，此4幢涉及安全问题的居民彻夜难眠，大家都有孩子，楼梯下来就是车道实在无法接受。此4幢楼居民很多人都不知道这事，所谓的公示过，是否符合要求，签字的也没有实际说清楚，不能以整个小区的同意率来否定这4幢楼的全体否定。出现危及人身安全的问题谁负得起这个责任。小区的树木也挖的挖，砍的砍，面目全非！请有关领导帮忙解决！谢谢等共计7个事件需处理。
0,来电人是新洲国际酒店东面小路的店铺，反映江南摩尔改造将该处道路全部封死了，无法通行，请相关部门核实处理。等共计5个事件需处理。
0,来电人2017年购买了秀园路万丽广场1205室酒店式公寓，当时签订了《租赁协议》，反映2020年2月到5月期间的租金酒店法人未给其，6月到9月每个月给半个月房租，10月给了一个月的房租，11月开始又不给房租了，社区也协调过还是没有处理好，并表示明天会有大批业主到嘉兴来讨要房租，若地方政府不能为业主主持公道，可能会集会封门，给嘉兴造成恶劣影响，也会找媒体曝光。请相关部门调查处理。
0,来电人2017年11月购买万丽广场欢乐颂酒店1109室，反映酒店还在正常营业，酒店以疫情为由拖欠房租不付，也没有和业主商量，2020年只给了4个月房租，之后街道办事处主任出面协商重新签了协议，多给了一个月房租，之后又不付了，希望政府出面解决。请相关部门核实处理。等共计15个事件需处理。
0,来电人反映福临新家园断水。等共计6个事件需处理。
0,来电人2017年购买嘉南美地广场2幢1918室，当时开发商收取了4万元的避税费用，后发票上面写的是咨询服务费，表示不满，要求退款。请相关部门核实处理。等共计3个事件需处理。
0,2020年12月25日14时许，王店建设农贸市场摊位竞标，王永芳（女，513030196701142828）在农贸市场竞标摊位时，觉得竞标时有人故意哄抬价格，与兰作利（女，511023197709216122）发生纠纷。
0,2020年12月27日11时12分，我所接110指令：我是公司负责人：昨天晚上我的员工帮我干活的时候从货车上摔下来，当时非常严重直接去医院了，现在人非常危险在医院里。民警陆嘉威接到报警2020年12月27日11时12分，我所接110指令：我是公司负责人：昨天晚上我的员工帮我干活的时候从货车上摔下来，当时非常严重直接去医院了，现在人非常危险在医院里。民警陆嘉威接到报警立即赶赴现场，经了解系2020年12月26日18时许，张映红（男，532626196410282135，户籍地云南省文山壮族苗族自治州丘北县官寨乡山心村民委啊哈白小组，暂住王店先锋村村部旁，联系方式14769611151）在建设龙源公司厂区一个注塑厂帮老板朱良顺（男，320381196801017010，联系方式13957375660）卸货，因车辆装货高度高于厂门高度，张映红爬至车箱货物上，使货物高度降低货车可以正常进入厂区，后坐在货车头上（高度约2米左右），在车辆倒车时张映红不慎从车头摔下导致头部受伤昏迷，后由其工友杨连和（男，532626199012202519，联系方式15891939074）和注塑厂老板送至桐乡第一医院抢救，经医院抢救，张映红已脱离生命危险，现由家属陪同在重症监护室观察中。
0,来电人再次反映：12月19日中午带孩子到第二医院看病，住在住院部12楼儿科37床，今天早上听说35床的患儿疑似携带轮状病毒，同屋已有孩子呕吐、腹泻，自己的孩子发烧至40°，但医生还没有对该患儿进行隔离，来电人要求马上联系院方处理，并投诉该医院，请有关部门核实处理。现再次来电表示孩子已被确诊轮状病毒，要求加急处理。等共计5个事件需处理。
0,来电人是南湖区农翔路796号的商户，由于旁边巴黎都市小区统一的烟道坏了，导致店里的排烟系统也受影响，串烟严重，店里无法正常就餐，和物业反映了已经有10天了还未解决，希望相关部门核实处理。
0,来电人是武原街道秀水花苑20幢住户，反映小区正在进行雨污分离改造施工，因施工单位经常性挖断水管，影响生活，其质疑施工单位资质以及工人操作方法，要求严格按照施工图纸开挖。（需部门电联本人回复）等共计10个事件需处理。
0,反映：来电人是罗星街道临江景苑的业主，物业在小区绿化中间的空地上搭建快递柜，快递柜应该搭在物业处，搭建快递柜之前没有提前告知业主，而不是在小区里面随便搭建，要求拆掉快递柜，请相关部门调处。等共计8个事件需处理。
0,来电人购买了吴越学府2期19幢801室的房子，合同约定2020年12月底前交房，现开发商2020年12月17日发布通告由于疫情影响延迟交房时间，暂定40天，来电人表示不合理。等共计5个事件需处理。
0,来电人是吴越学府天骄花苑的业主，反映小区2期交房时间是2020年12月31日前，现开发商告知由于疫情原因暂定延期交付，现来电人表示不满。等共计2个事件需处理。
0,2020年12月15日07时08分油车港麟湖壹号边生态公园处喇叭声音吵，扰民。
0,关于扬言类人员刘冶斌化解工作的推进
0,秀园路万丽广场门前此处斑马线请继续保留，否则生活十分方便，连接中关村等共计8个事件需处理。
0,浙江省嘉兴市大桥镇格兰上郡小区南面区块预建造《九年一贯制学校工程（一期）》。第一：这是学校工程，造福于民的项目，但是此项目目前查无施工单位（嘉兴市公共资源交易中心目前只有招标公告，无公示中标单位），工地上无任何安全措施，防尘降噪处理，夜间施工，严重扰民。小区内已有居民入住，有老人小孩，夜间不间断施工的噪声已严重影响日常生活、工作。希望有关部门重视这个问题，惠民便民造福于民的工程，在施工过程中不要成为市民生活、工作的困扰。能在白天施工就在白天施工，希望晚上十点以后能停止施工，如遇特殊情况市民也是理解的，但请施工单位做好降噪措施。
0,来电人反映曾南湖街道翰林府邸18幢401室住户，把3楼商铺顶层的绿地弄掉，搭建成了阳光房，现表示属于违章搭建，9月8日南湖执法分队回复会依法进行立案处理，但至今未处理，现要投诉执法部门不作为，请相关部门核实处理。
0,1.买的时候说好的人车分流，现在小区消防门里面有访客车位。&nbsp;2.沙盘上除了一圈主路，别的都是石材路面，现在支路都是柏油。&nbsp;3.路旁没有挡泥石，下雨路面都是泥水。4.地下车位还没有竣工，地面有裂缝，开发商与经开住建局都表示整个小区已验收通过。5.买的时候说明的北门是酒店式大厅入户，现在只是简陋的白墙涂料。6.销售时重点宣导的夜光健康跑道，现在只是柏油路面喷一层红漆！等共计14个事件需处理。
0,2019年来电人购买了南湖大道和槜李路金雅花园7幢1702室房屋（备案名雅居乐金茂中央公园），原先开发商口头承诺说一梯一户，实际是两梯两户，另外绿化、游乐设施与原先承诺的不一样，非常简陋。现来电投诉开发商。请相关部门核实处理。等共计7个事件需处理。
0,其是万城御珑湾三期业主，反映东湖社区办事处要搬到三期售楼部会所里面，全体业主都反对，表示人员可以随意进出，存在安全隐患，希望不要让社区办事处搬进来。等共计5个事件需处理。
0,其是万城御珑湾三期业主，反映东湖社区办事处要搬到三期售楼部会所里面，全体业主都反对，表示人员可以随意进出，存在安全隐患，希望不要让社区办事处搬进来。等共计5个事件需处理。
0,来电人是秀洲区新城街道嘉业阳光城的业主，现发现小区内张贴了告示，内容是：嘉业阳光城已选好了施工队，小区路面修复共需要57万费用，其中全体业主需要承担一半的费用。落款单位是嘉业阳光城业委会。来电人对此表示质疑，咨询小区雨污分离管道改建后，挖开的路面进行修复，为什么要使用维修基金及要求业主承担费用？等共计2个事件需处理。
0,来电人住在南湖区七星街道星桥苑，曾反映：5幢、6幢的楼道和楼梯口脏乱不堪，且有很多泡沫堆在那里，存在安全隐患，向物业（听说没有营业执照）反映无果，现再次要求街道领导前去查看具体情况，望相关部门核实处理。
0,其是碧水云天14幢1单元201室的业主，反映14幢南面要建造垃圾分类投放点，1单元整个单元居民都不知情，也不同意建造，要求重新选址。等共计2个事件需处理。
0,湖光秋院将垃圾站建在97幢楼后面，原本是访客车位，此通道底下车库出口又是二期进出主要通道，选址及其不合理！离居民楼太近，低层居民开窗就是垃圾站，等以后垃圾多了夏天味道重，苍蝇之类的多，严重影响低楼层居民的生活，以后苦不堪言！望相关部门慎重合理选址！！！等共计12个事件需处理。
0,我是卓越地产秀湖项目荷塘景苑业主，现在开发商在业主赞成票不足10%以及未向相关部门报规的情况下，私自将原本规划的大量地面非机动车停车位全部更改成为绿化，严重损害了我们业主利益，现在我们诉求是开发商按照原报规计划进行施工，或者在征得业主2/3书面同意的情况下进行重新报规再施工等共计7个事件需处理。
0,2020年12月16日上午，许荣林（男，身份证号：330411195502260436，电话：13511327759，与吴根荣（男，身份证号：330411196107170419，电话：13738265716）因土地停车问题发生纠纷，下一步需要相关部门跟进。
0,融信澜庭业主，反映以下问题；1、交房要求五方主体通过验收，实际给业主出示的单独房屋主体的验收报告，不符合规定；2、存在赶工，小区道路路面没有铺装完成，排屋区的土方没有回填，所有8层房屋的楼梯踏步铺砖只铺设到2楼，开发商答应剩余要明年6月1日前完工；3、小区地下车库是水泥路面，但人防车位刷了油漆，涉嫌减配；4、16年省政府办公厅关于推进绿色建筑跟建筑工业化发展的实施意见，要求房屋全装修，融信的土地是18年3月拍的，但是交付的房屋是毛坯房；5、不利因素告知书未体现这一条；一楼是物业用房，9号楼一二单元的业主需要北侧绕行到南侧才能入户，要求9号楼南侧消防通道大门开小门，使用门禁进出，并安装监控管理。等共计5个事件需处理。
0,来电人是武原街道贝沙港湾住户，1、反映小区施工经常将管道挖断，认为施工方野蛮施工，望部门督促；2、咨询工期何时结束。等共计10个事件需处理。
0,其等长安镇高新区万科潮起东方业主，反映：1.1幢、2幢销售时捆绑车位，购买车位后才有资格摇号购房，且车位价格在31万左右，价格较高；2.购房合同签订时是毛坯，但实际是精装房，交税时按精装价格交税，导致业主多付首付款和税费；3.精装房价格不一，其等付了20万元左右，有部分业主仅付了几万元，且实际精装质量较差，经评估公司评估，成本仅3万多元；4.装修设计不合理，影响使用。要求：对以上问题进行调查处理，保障业主合法权益。等共计8个事件需处理。
0,来访人反映:2001年因三峡工程建设移民至海宁市丁桥镇万新村万新林家场３８号，现房屋出现地基下沉，房屋开裂等质量问题。要求：政府重建住房。处理：宣传政策规定，劝导其返回当地解决。等共计6个事件需处理。
0,2020年6月6日来电人在秀洲区东升西路万盛广场二楼203号-204号爱芽儿童摄影店订了1299元的套餐，后店一直没有营业，要求退费未果，希望有关部门协调处理。等共计7个事件需处理。
0,关于扬言类人员吴吉羊化解工作的推进
0,近日，12345政务热线接到多起大桥小区业主的来电投诉反映，1、当湖街道大桥小区有近200户，租户1000人左右，近年来一直存在出行难的问题，居民唯一进出通道是小区北面的大桥路口，由于无人管理，再加上沿街车位紧张，经常有外来车辆挤占小区通道，车辆刮擦是常事，多次发生报警出警事件；2、今年4月疫情结束以来，小区业主数次向凤凰社区领导反映门口堵车问题，但相关领导总是推诿，或干脆不接电话；3、今年6月份小区安装道闸及建造门卫室，但至今仍未投入使用，由于道路本来狭窄，乱停车又严重，再加上安装道闸及建造门卫室后更增加了拥堵程度，从平安建设方面考虑，大桥小区作为老旧小区一旦发生火灾，消防车无法通行，后果不堪设想。等共计5个事件需处理。
0,"2020年12月12日19时09，接指挥中心指令，在石榴坊6幢106室，群众报警称楼上装修，导致我家卫生间漏水，有纠纷了。民警张健同辅警到达现场，系报警人张晓燕（330411197001035424，13736821866）称楼上装修，导致家里卫生间漏水、吊顶破裂。报警人强烈要求社区上门帮忙协调此事，称不解决便要打市长电话投诉。2020-12-1410:28:14石，接指挥中心指令在石榴坊6幢106室，楼上住户装修，导致我家漏水，有纠纷了。处警民警朱华带辅警到现场后，报警人张晓燕（330411197001035424，13736821866）称楼上206住户装修，装修工祝仁华（362322196211082751，13736887849），导致我家漏水，有纠纷了。2020-12-1809:46:01石榴坊6-106,楼上装修，导致我家的墙面脱落。处警民警朱华带辅警到现场后，报警人张晓燕（330411199701035424，13736821866）称楼上罗安凡（330402198406010928，15557304932）家装修，导致我家的墙面脱落；此警已有多次报警，存在不稳定因素，特此上报。"
0,（重复反映盐仓星星港湾闲庭坊8号商铺，破坏公共绿地，还在四周打围墙，要求有关部门尽快查处）现在有关部门下达整改通知后，该商铺反而加快工期，赶工盖墙，似乎是想要把墙建好以后一副你拿我怎么样的意思。现在正在施工，要求有关部门尽快前往处理。等共计3个事件需处理。
0,第一：嘉善城区百分之90的小区（不管是老小区还是新小区）本小区业主停车，不收费；偶尔有几个小区收费，也是按照嘉善最低标准收费；干窑东鼎名人府邸小区收费标准：地上150元/月，地下300元/月；现在小区外面商铺门口都安装了收费杆（未出租的商铺）物业将实行收费；（我们业主认为这样十分不合理，嘉善大部分小区业主停车不收费，为何我们小区收费，而且收费过高！我们一致认为可以对外来临时车辆收费，本小区业主不收费）第二：东鼎名人府邸三菱电梯问题，一而再再而三的发生故障，一直没有得以解决，这关系到业主生命安全问题！望相关部门重视；第三：东鼎名人府邸旁边这条善西公路每天从夜间到白天，大卡车小轿车鸣笛声不断，这已经严重影响到孩子的睡眠和学习环境，构成扰民行为。第四：现在冬季早上气温零下路面易滑，洒水车却每天从早上6点多开始撒一遍水，中午撒，下午孩子放学路上又撒一遍，已经造成多人摔跤致骨裂！以上是老百姓的心声，望相关部门领导逐一解决。等共计5个事件需处理。
0,反映海宁长安初级中学校长董文华、副校长余新霞布置，班主任发动学生购买平板电脑，并依据其分班，截止2020年9月共有18个班购买；学校进行AB分班已经三个年头，给优秀生开设夜课班，导致许多学生和家长心理压力很大，但教学成绩不高；学校还让学生征订各科目报纸和《口语100》、《E听说》，价格虚高。等共计2个事件需处理。
0,来电人是福临新家园的沿街商户，曾反映近期在施工改造，近两个月营业时间内经常发生停水的情况，但恢复供水后是含泥沙的污水，导致无法正常经营，要再次投诉，请相关部门核实处理。等共计7个事件需处理。
0,南湖区三元路江南太阳城公交车站附近开了个艾灸馆，每个月10元。周围的老人都贪图小便宜去坐什么凳子，发展到现在一天上百人在去坐。一群老人天天像被洗脑了一样说坐这个好什么病都能治好，刚刚开始确实是什么东西都不图，一个月不到开始办卡，发展下线。然后开始推销卖产品了，卖洗发水，说是加了艾草的能治百病，只要199一套，有些老人多抢的，还什么饥饿营销。这个月直接开始卖传说中的‘凳子’了、一开始宣传这个是不会对外出售的，后来透露说只要1万多，但是不卖。让老人们心里都有一个念想，现在只要5980出售，老人们就像疯了一样，先交钱，过几天再拿货都愿意。网上一搜类似凳子三四百元，他店里卖的也是杂牌。为此很多家庭的子女都发现父母被骗了，但是已经晚了，都是宁愿相信艾灸馆也不是愿意相信自己子女了，跟他们争辩，认为不愿意帮他们花钱，不孝敬他们。这样的组织再这样下去老人们还是一直会被骗，不管是他们的老年血汗钱保不住，还严重影响到了跟子女关系。还有边上的和也理疗床忽悠卖几万，家人都上当。好好让市场监管管理局查查他们欺诈老年人，让工商查查他们营业执照超出经营范围没。
0,来电人与二十多人给经开区中山东路与中环西路交叉口的力之帆装饰公司工作，从2019年8月开始建造了新兴街道越秀公园，嘉兴市政府，中环南路上的嘉兴大桥的厕所，反映力之帆装饰公司总共拖欠了几十万元工资。
0,12月8日，有2名亚厦风和苑业主通过12345来电反映称，近期屋顶有亮化工程，担心影响休息和房屋质量，希望给予说法。
0,18年购买许村万隆路海棠府2幢1单元101室，12月8号-10号是收房时间，但是因该房产公司的大证一直无法办出，导致我们整个海棠府的业主无法办理房产证，来电投诉。另房屋维修基金被收取100元/平，高于杭州主城区收费标准，认为太贵，咨询这个标准是如何定的，是否合理。等共计4个事件需处理。
0,来电人购买了百步镇柳岸春风的房子，反映购房时交付了3万元的区间服务费，未开发票，只有一张收据，认为不合理，涉嫌欺诈，望处理。等共计5个事件需处理。
0,嘉兴市由拳路荣和花园沿街店铺1504号房东不顾荣和花园全体业主和边上店铺租客的需求和情绪，依旧强硬要求进一步装修放置花圈冰棺等殡葬相关事宜。朗朗乾坤，红船之地，各部门难道就无法解决了吗？周边从幼儿园到大学园区，孩子每天进出路过，这家店的存在，这个房东的行为已经对荣和花园全体业主造成十分严重的心理负担和实质损失！哪个部门哪位领导能来听听我们业主的心声，我们孩子的需求！查阅相关文件，作为长水街道社区管委会对荣安府的社区用房有强调不能开设殡葬服务业，那么是否应该一视同仁，帮助我们业主妥善解决这件事情呢？？&nbsp;我们老百姓的只想安居乐业勤勤恳恳的过日子，然而现在因为一个房东，我们连最起码的安居都即将成为泡影……谁能来帮助我们寻找出路，恳求各部门领导为百姓做主！等共计34个事件需处理。
0,嘉兴南湖区亚欧社区润泽名邸物业垃圾投放点挨着居民建设，不建在其他远离地点。亚欧社区和物业相互推诿，都说联系对方处理。而且，这个投放点以前是垃圾分类宣传点，拆掉之后又来建投放点，这不是浪费吗？其他空闲的地方为什么不建呢？
0,反映有人在上城春天里11幢1楼架空层进行搭建，未经业主同意，向物业反映告知是社区在进行搭建，认为侵犯业主权益，要求恢复原样，望核实处理。等共计8个事件需处理。
0,海盐高得乐园区部分企业营销模式风险预警近期，澉浦派出所工作发现，海盐高得乐园区内部分企业现有营销模式存在重大涉稳隐患。监测发现其发展的代理商模式容易造成客户违约，引起双方就协议内容无法协商一致，从而产生报警、信访事项。因涉及人数逐渐增多，极易联访串访，引发不安定因素，需有关部门引起高度关注。
0,反映：罗星街道体育南路蓝天家园小区7月份开始改造，施工挖得一塌糊涂，有时动工有时不动工，进度缓慢。要求加快改造进度，确保改造质量，请相关部门调处。等共计3个事件需处理。
0,反映：来电人是魏塘街道外环西路75号的店家，因320国道拓宽将加油站南面的道路封闭了，导致出行不便。请相关部门调处。等共计6个事件需处理。
0,本人在2019年3月份浙江嘉兴市嘉善新西塘孔雀城售楼处购买房产：翰峰云邸3#1302室。孔雀城售楼处人员强行洗脑，称当日付8万定金可以抵10万放款，在不断的销售和洗脑情况下，当日付了8万定金，等到首付凑齐后，付钱时发现这8万并没有在首付中，售楼处人员私下跟我说，这8万元没有算在房款里，是为了逃税漏税。等到202010月底去交房时，在开的房款总发票里也没有把这8万元算在内。后来我们去找孔雀城售楼处讨要说法，孔雀城售楼房拒不承认此行为和他们有关，他们也没有收到这8万元，但当时带我们买房得是孔雀城售楼处正式销售人员，且在孔雀城财务部交的钱，相当奇怪。在和孔雀城售楼处协商不成后，我们找到了嘉善大云信访办，可谁知信访办领导不但不帮老百姓办事，还帮孔雀城善后，让孔雀城售楼处开一张8万元的服务费发票给我们，我明明交的是定金，不是服务费，8万元定金应该算在房款总房价里。这不是作假嘛，并且还私下威胁我们不要闹事，无奈只能在领导这边投诉，求领导知晓帮忙解决此事。我们的诉求是：这8万元不知去向，要求浙江省嘉兴市嘉善新西塘孔雀城退回这8万元等共计11个事件需处理。
0,来电人是南湖区福临新家园小区业主，此处房产公司的施工队每天早上4四点多就开始施工，噪音巨大十分影响休息，请有关部门核实处理。
0,申诉申诉人：马圣凤，女，汉族，移民，1970年7月18日生身份证：512226197007181122电话：15268312584被申诉人：海宁市人民政府法定代表人：市长被申诉人：马桥街道法定代表人：书记被申诉人：新塘村村委会法定代表人：书记申诉请求：1、依据国务院《关于完善大中型水库移民后期扶持政策的意见》及长江三峡工程建设移民条例相关规定，要求被申诉人承担对申诉人后期扶持房屋重建责任，保护申诉人合法居住权、合法利益不受侵害！事实及理由申诉人是从重庆三峡库区外迁至浙江海宁移民，自2001年从三峡库区搬迁浙江至今，没有享受到移民后期扶持住房待遇，全家三代人挤在仅有70㎡有严重质量隐患住房内！申诉人提供的居住房屋照片证据显示房屋墙体开裂，地基下沉，二层楼房钢筋裸露，房顶漏雨，窗台裂痕等质量问题，严重威胁危害着申诉人一家三代人人身安全，让申诉人一家整天提心吊胆，度日如年，无法正常生活生存，与被申诉人提供没有质量保证，有安全隐患房屋，有直接关系！申诉人现居住地美丽乡村对每个池塘清淤改造，观景台、凉亭、建造人造公园，村民房屋外墙刷新面貌一新，仅一年时间，村委会又一刀切地捆绑式进行搬迁，按户计算，包括二层楼在内全部搬迁，劳民伤财，仅赔偿十几万元，与现行物价不符，区区十几万元连建房人工费、材料费都不够，申诉人经营的服装加工厂也在搬迁范围，有营业执照，但政府不予赔偿，三峡移民应依法享有的后期扶持政策，包括国家惠农政策均享受不到让移民申诉人生存艰难，苦不堪言，得不到搬迁补偿，享受不到移民后期扶持，无法正常生活生存，令申诉人不服！申诉人向相关部门投诉上访，受到政府打击报复，被政府雇佣黑恶势力人员盯梢、跟踪、监控，被其24小时拘禁关押，被其限制人身自由，申诉人正当合法人身权益受到严重侵害，令申诉人不服！恳请中央人民政府职能部门领导在执政为民，切实维护群众利益，权为民所用，情为民所系下，引起重视，查明真相，严肃查处，指令下级政府部门迅速落实处理解决申诉人诉求的民生问题，保护申诉人合法居住权、合法利益不受侵害！等共计4个事件需处理。
0,独山港镇LNG新能源项目木工班工人12人，继12月7日到嘉兴和平湖走访后，12月9日再次到平湖集访，反映该项目由浙江杭嘉鑫清洁能源有限公司发包给中国环球北京分公司承建，中国环球又转包给中国南海工程有限公司，中国南海工程有限公司与包工头陈健（湖北人，420624199103281873）签订零星用工合同，来访人均是陈健手下民工。从今年3月其等陆续进场施工，直到11月底退场，截止目前共有50多名工人约95万元工资未结清。因中国南海工程有限公司与陈健间尚有劳务费未结清，且初步计算数额不到50万元，无法结清其等工资，故迟迟不能解决。12月8日晚，独山港镇相关单位召集双方协调至晚上11点，仍无结果，故再次到市集访。要求：帮助协调尽快拿到所拖欠的人工工资。
0,2020年12月12日08时08分秀洲区油车港镇鱼池汇村姚河浜青棉养猪场，老板欠我们工程款不给，告知走司法程序，我们有40个人没要到钱，老板也在，报警人一定要民警过来。18550203371
0,来电人第三次反映：2017年购买了荣盛香韵名苑4幢803室精装修，2019年7月交房，验房时发现主卧墙体渗水及地下储藏室渗水，当时要求开发商修好了就收房，但是至今没有维修好，现墙壁多处已经发霉，开发商已经退场，向物业反映，物业表示开发商没有拨款没有钱维修，现要求部门督促开发商尽快维修好，现表示开发商一直以审批没下来，工程队还没有进场为由拖着，咨询过对方，等审批下来大概需要两个月，目前2年了还未进行维修，请相关部门再次核实处理。
0,来电人反映：南湖区枫杨社区内每天都有老头子和老太太摆摊卖菜、卖电饭煲、像集市一样，小区没有物业，希望部门核实处理。
0,来电人是武原街道金域蓝湾北苑业主，反映小区东侧百尺南路道路正在施划路面标线，发现南北车道中间的是双黄实线，而不是双黄虚线，建议进行调整。等共计5个事件需处理。
0,来电人是金域蓝湾北苑的住户，反映小区东门的道路上开始划设路面标识线，发现路中间没有留出口，其表示小区有1000多户住户，日常进出车流量大，故来电，建议部门在小区东门的道路中间开设出口，方便居民日常进出。等共计8个事件需处理。
0,来电人是南湖区余新镇的住户，反映新盛路改造野蛮施工，将一半路挖断后剩了一半路，导致附近的厂区工作人员上班都会拥堵很久，和镇政府还有交警部门都反映过都未果，要求以后单向施工保障通行。请部门核实处理。等共计3个事件需处理。
0,反映：来电人是罗星街道子胥苑社区银河景苑7幢2单元的业主，小区内建造垃圾定点投放站在7幢附近的老年人活动区域内，未有任何公示，要求重新选地址。请相关部门调处。等共计4个事件需处理。
0,其是当湖街道滨江兴和苑业主，反映小区张贴的公告上写着13幢西面要建造垃圾分类房，实际造在12幢正对面，其认为不合理，表示12幢居民大多都不同意，已经派代表写了一份意见书，提交给了物业拿到社区，其表示造在12幢边上居民反而同意的，希望重新选址。等共计3个事件需处理。
0,南湖区七星街道江南新家园的物业收了240元的“停车费”，收费时物业表示这费用是用于小区内路面和车位的改造优化的。现小区内的路面和车位没有任何变化，要求物业公开费用的使用情况和按照原先的告知将路面和车位进行改造优化，若做不到要求退费。
0,来电人是七星街道大树湘湘恬园4幢的业主，反映一个多月前，4幢旁边的围墙外面出现了一个施工团队，每天通宵施工，挖掘机运土，噪音严重扰民，联系物业和七星街道，被告知不清楚情况，要求查处。请相关部门核实处理。
0,其是当湖街道永丰社区名门雅苑业主，是业委会选举自荐人员，反映1.其作为自荐人员，在投票时没有看到自己的名字，咨询物业被告知是报名人数太多被筹备组筛掉了，但是咨询筹备组被告知并未筛除任何人，也不知道其报名的事宜，物业在了解其要投诉后又致歉告知把其的名字给忘记了；2.业委会选举应该由业主推选，但是物业一直在选举时推荐一个业主，干涉选举。现投诉该物业，希望部门核实调处。等共计4个事件需处理。
0,尊敬的领导，中天江南公馆坐落在浙江桐乡市濮院镇，2018年面向全市销售，我是中天江南公馆一期业主，《问题－》销售的房源存在扩大宣传，违规销售行为，一期销售给我们房源共500套左右，涉嫌捆绑人防车位进行销售，并且无发票，可能存在偷税漏税行为等问题。并且一期不买车位不可以买房子。《问题二》2019年二期销售，车位可买可不买，并且还送车位，居个别业主反映还签保密协议，这实在是伤害我们一期业主的利益和感情，同一所小区，相差8个月的时间，凭什么我们一期业主要比二期三期业主多掏15万5千元买个人防车位，。《问题三》根据业主反映和测量，现在中天江南公馆所交的房源并不是当初宣传的那样美好，存在面积缩小，格式不对等一系列问题。尊敬的领导，在今天这个特殊的时期，可以说内忧外患，国际形势不稳定，国内疫情也时好时坏，各位业主赚钱不容易，而且压力也大。前几天我们有几位业主请求濮院镇政府协调此事，但无果。目前我个人猜测此开发商有保护伞！等共计6个事件需处理。
0,嘉善县惠民镇长生桥东侧有一条沪杭高铁，现有施工队在铁路桥下方的河道内挖泥，来电人表示有规定禁止在铁道下河道挖泥，万一挖泥造成高铁偏移，哪怕一点点也相当危险，与施工队沟通，施工队告知是政府安排的，也不愿意停工。现希望相关部门尽快制止。
0,反映：惠民街道惠新大道188号嘉善森诺家具材料有限公司2号门厂房内（大门进来第二个车间），没有营业执照。请相关部门调处答复。等共计5个事件需处理。
0,我已经记不清楚这是针对同一个地方同一个部门第几次提投诉工单了，我就搞不懂，桐乡市劳动监察部门拿着纳税人的钱，不干事；首先想到的是这个问题不是我处理，事情在发桐乡是生，你难道没有责任吗，你把锅甩给司法部门？为什么浙江省其它地方能处理，你就不能处理！你是收了包工头钱了吗？站着茅坑不拉屎，你还口口声声说你向施工单了解说已经支付了，请求有双方签的结清协议了，你就这么做事的吗？你听不讲我们的诉求吗？你耳朵聋了吗？你选择性的耳聋吗？我就搞不懂你拿着的纳税人的钱，请你做个事这么金贵，你是金子做的吗？浙江省这么多地方都能解决投诉，为什么桐乡市官场就这么黑吗？桐乡市随意拖欠工资，你们管理不善，你一推了之，说不是你的责任，两个鼻孔朝天，糊弄农民工，劳动监察部门要你何用，站着茅坑不拉屎，还不如撤了吧！12345政务推不动你，农民工的悲惨遭遇在桐乡官员眼里是如何被对待了，写到网上，让全国老百姓看看桐乡官员是如果对待农民工的，有你这种为敢拖欠工资的撑腰，农民工是倒了八辈子血霉了！历时反馈了4个月，永远回复内容都是一样，你是机器人吗？这个问题如果不解决，我会继续投诉，何时解决何时息诉，桐乡官场如何的不作为，让媒体来报道报道
0,余新镇幸福路785号引飞电机电器维修部噪音扰民问题一再反应未得到解决。相关部门敷衍了事。商铺屡次三番不听劝告。要求商铺晚上18:00后及周末不敲击马达（停止相关噪音作业）
0,反映：罗星街道城市心境小区，小区车库前面的道路正在改造，导致小区住户无法将车辆停入车库；12月6日，来电人在征得物业同意的情况下，将自己浙F2317Q的车辆停在小区门口岗亭旁边，但是下午16点15分的时候，却被交警贴了罚单，说来电人违章停车；来电人觉得不合理，因为自己是有合理的原因的，要求撤销该罚单，并将该时间点内所有该小区的罚单统一撤销。请相关部门调处。等共计4个事件需处理。
0,来电人是少年路辅成小学的家长。反映辅成小学附近少年路段正在打桩，噪音扰民，影响孩子正常上课。等共计5个事件需处理。
0,来电人反映港区东方大道与滨海大道交叉路口的设计问题，左转车道在最右边，右转车道在最左边，导致堵车，请有关部门核实处理。等共计4个事件需处理。
0,2020年12月04日，恒大绿洲大门口呼伦贝尔草原羊肉店，音乐声音太响扰民。
0,2020年11月24日天星西路阿里巴巴烤羊肉串店，音响声音很响，扰民。
0,来电人是南湖区余新镇世合理想大地至善里的住户，反映小区没有征得业主的同意也没有公示就直接破坏了绿化砍掉了竹林在32幢对面建造了智能垃圾分类站。现认为该流程不合理，并且该选址在小区的主干道上，正对着好几户住户的窗户挨得很近。请部门核实处理。等共计4个事件需处理。
0,反映：来电人是魏塘街道商盛秋居26幢1单元的业主，小区正在改造中，家里断水已持续1个多星期，影响正常生活。需电话联系，请相关部门调处。等共计2个事件需处理。
0,2020年12月8日7时41分，王店派出所接110指令：王店医院门口，有个人在班车上没反应了，昏厥了。经民警现场现场处置了解，李永锋（男，41140219870616767X，户籍地：河南省商丘市梁园区谢集镇熊楼村王先生楼村２６号，暂住：浙江省嘉兴市经济开发区城南街道汇才公寓3幢818室，工作单位：浙江省嘉兴市秀洲区王店镇兴乐路1058号浙江美尔凯特厨卫科技有限公司）乘坐公司班车上班途中晕倒，后送王店人民医院抢救，经抢救无效死亡。民警联系法医、刑大现场勘察，初步排除他杀，现尸体已送往嘉兴市殡仪馆。并联系李永锋妻子杨静（女，612724198808260923，15909240938），目前杨静从陕西来嘉兴途中。
0,来电人系钱塘新语的业主，之前奥特莱斯门口文海北路在修路，车辆还可以出入，现在路修好了，反倒用护栏拦起来了，造成钱塘新语小区居民出门不便，进出奥特莱斯需要绕远路，要求尽快恢复。等共计9个事件需处理。
0,来电人反映南湖区凤桥镇凤华丽都小区里面有一个临时停车场，里面停了四、五十辆土方车、货车，要么大晚上的在修车，修车声音扰民，要么早上4、5点左右就开出去了，倒车提醒语音、发动机发动的声音扰民严重，居民反映3、4年一直没有解决，希望部门为其处理。
0,来电人反映元一柏庄二期外面建有移动的5G基站，因投诉后社区又把基站往西移动40米，这样就正对67幢窗户口，却影响了67幢住户，要求重新更换地址。请相关部门核实处理。等共计7个事件需处理。
0,来电人是新东方商厦的经营户，反映12月7日施工方在拆脚手架，把两侧的大门都堵起来了，现在还要把门口的禾兴路人行道挖掉埋管子，导致无法经营。等共计5个事件需处理。
0,我是2018年上半年购买的留香名苑（原香樟国际）房子，当时卖房子绑定车位卖给消费者。我的车位A1085是靠墙的，按照图纸是可以停进去。2020年11月23日，发现装了人防铁门，导致我的正常车位无法使用。询问物业管家，得知是嘉兴市局人防部门检查不合格的叫他们整改装上去。我们的房子是2019年年底交付业主，人防检查隔了差不多一年来检查，这个程序合理吗？开发商明知这个地方有人防铁门，应该车位设置的远一些。可开发商为了获取更多利益两个柱子间设了两个车位而且两个车位的边框线就是间隔线。当时我买这个车位，销售员并没有明确告知边上有铁门，我问销售员是正常车位。她说是的。销售的时候图纸上显示可以正常停车，可因为装了人防铁门我的车位无法正常使用，失去了商品所应该有的功能。这分明是虚假宣传，误导消费者。而且地下车位北片装人防铁门，南片没有装人防铁门。开发商欺诈消费者。为了维护自己的合法权利，我一直在努力，但真的很困难。拨打开发商前台电话0573-82795351、0573-82728550，他们都答应登记反映给上面的领导。说尽快给我回复，可每次都无声音。问他们实际办公地址，他们说无法告知，这个分明在逃避。来个项目经理李18875880991跟我对接。她在2020年11月30日，给了个解决方案。就是拆掉人防铁门。我问他万一哪天人防部门再来检查怎么办，她说再装上去，岂不是我的车位又不能停车了。这个项目经理李再要挟我的意思，说你去投诉，这个人防铁门拆不了。他们也就不拆，好几个靠墙车位都装了人防铁门，这个事情不解决好必将引起群体性事件，希望政府尽快介入。可项目经理李想把事情压下去，叫她反映给上面的领导，她说她负责，我问她：你有事情决定权吗？她不回答。我叫她把她的车子停进我的车位试试看，她不敢，心虚了。2020年12月1日中午，我跑去他们开发商注册的地方，想找他们的领导。可发现注册地人去楼空。诉求：第一种方案退车位，并按照相关法规一赔三。第二种方案换车位，补差价并一定的赔偿。等共计4个事件需处理。
0,嘉兴卓盈房地产开发有限公司诉求一：要求西人行主入口，恢复当时宣传承诺样貌及功能诉求二：电梯厅全部改贴瓷砖上墙，而不是用所谓的“有质感”乳胶漆诉求三：连廊未安装消防门，下雨天路面湿滑易摔，存在安全隐患诉求四：洋房的楼梯未设置消防门，存在安全隐患等共计21个事件需处理。
0,嘉兴卓盈房地产开发有限公司诉求一：要求西人行主入口，恢复当时宣传承诺样貌及功能诉求二：电梯厅全部改贴瓷砖上墙，而不是用所谓的“有质感”乳胶漆诉求三：连廊未安装消防门，下雨天路面湿滑易摔，存在安全隐患诉求四：洋房的楼梯未设置消防门，存在安全隐患等共计21个事件需处理。
0,前因：1、此事已向12345嘉兴，以及海盐房管，及当地司法局等电话投诉，都在层层推向法院推，无人协调，海盐法院因距离远，上班不便。故又网上投诉到浙江省消费者保障网（看到11.26网上已转“海盐消保”，至今日11.30日仍为“未处理”状态。2、4万辛苦钱，疫情下攒一年不容易，一个生病的女人，在身体不好的状况下，被黑中介与开发商蒙蔽设套，签了定金协议，现在却求助无门，当地政府有关部门知道却不管理，不做为，维权太难了（网页‘输入“海盐定金”可见大批）。帮要回定金当地房产定金已成新黑产业。杭州当时群里都告之勿上此类中介当。事由：1、因温州老人病无人照顾，想就近买房原本想找离下沙半小时车程的房，但被黑中介用带看低价楼盘骗上车，中途开车中介2与约看中介1，均为一伙骗子电话演双簧。带到很远的房产（本次为一小时车程的：红星时尚广场璟园房产---即本次投诉的房产开发商）2、黑中介拖至中午2：00，不让去吃饭，我低血糖身体非常难受，不还身份证，不让走。为让自己早已回家，没看清的情况下，签了定金合同。3、在售楼中心，房产开发商授意，除签合同外，让黑中介违规与我另单签欠条，开发商人员隐瞒中介人身份，让中介独立与我销售，不告之楼盘应知必知的情况（如待售楼，相应价，周边情况，包括房屋离核电站20分钟），不透明，黑箱操作买卖房屋。4、当发现自己上当，找开发商协商，开发商不承认当天销售人员是他们的人员，推卸责任给中介，中介却仍称是开发商人员。5、我的头颈病不适合长时间开车，母亲11.18发病不适合单独生活在海盐，（有病例），与开发商就被骗经历与母女的病情多次沟通，无果诉求：1、因订金合同签订时有合伙欺诈行为（欺诈一：二中介骗子配合，欺诈二：黑中介与房产开发商），但消费者当天并不清真相，存有一定证据。希望帮助定金，维护社会正义，希望购海盐房产能在自愿知情的公平环境下进行。
0,来电人是南湖区湖区大桥镇绿景沁园小区业主，反映在小区8号楼下要建垃圾房，未征得业主同意，建议建在物业边上或者拆除一个快递柜，在快递柜的位置建造垃圾房。要求相关部门尽快处理。等共计2个事件需处理。
0,2020年12月2日16时39分，在王江泾蒙特幼儿园对面门口，报警人许耀刚（84岁，电话13157378585）与许爱英（330421197403065020，电话15968322072）因房子归属权问题发生纠纷，下一步需要相关部门跟进。
0,反映：来电人2019年在车站路原好育儿店办理了洗澡卡，剩余约三四百元。要求退卡退钱。办卡人信息：钱亚婷，身份证号：330421199101040046，卡号：618207。请相关部门调处答复。等共计13个事件需处理。
0,来电人再次反映解放街道荣盛香韵名苑1幢、5幢有业主违规安装了外置的防盗窗，跟物业、街道反映，未果，另反映该小区2幢108室私自扩大花园面积并种菜，并表示对方确实又扩大了花园面积，请相关部门再次核实处理。
0,近日，收到多名群众反映，10月份以来平湖多家房地产售楼处（曹桥街道文鼎苑、曹桥街道南辰名都、新埭镇金地云栖湾、新仓镇佳源·印象里）存在违规销售行为。一是开发商在购房者首付资金不够的情况下告知其可办理首付贷款，诱导购房人支付购房定金；二是购房人事后了解到首付贷款为违法行为，要求开发商退还定金，开发商以领导不在等各种理由拖延时间不愿退回。等共计23个事件需处理。
0,其是武原街道贝沙港湾的住户，反映小区正在进行雨污改造，12月3日多次反映施工方曾挖断燃气管道，要求停工整改后再施工，但施工一直未停。水务已联系其解释，其还是要求施工先停。等共计7个事件需处理。
0,来电人是百步镇绿嘉兰园21幢603室业主，反映以下问题：1、近期前往小区查看，发现安装的电梯空间过小，现电梯内标注可乘坐6-10人，但实际只能乘坐5-6名成年人，小区交房时间是2021年4月30日，担心后期电梯无法装运家具，且电梯空间也小于其他小区，望部门核实处理；2、其查看购房合同，发现购买的房子产权只有50年，但购房时开发商未告知房子产权年限，她认为商品房产权都为70年，咨询如何维权。等共计4个事件需处理。
0,来电人是新嘉街道秀水兜居民，12月2日第二毛纺厂宿舍火灾，造成了重大损失，来电人反映自己所在的社区也是老社区，情况和第二毛纺厂宿舍差不多，汽车几乎都是乱停，一旦产生突发事件，救援车辆根本无法驶入，向社区反映情况，希望加强停车管理，社区工作人员的回复：秀水兜是老社区，老社区就是有严重乱停车现象，很难管理，如果来电人对现在的情况不满意，可以搬家。来电人对社区工作人员回复不满，希望整治乱停车现象，请有关部门核实处理。
0,来电人是南湖区百花新村的住户，反映小区北面的新希望锦棠里每天晚上施工到凌晨3时，噪音扰民，来电人表示不满，希望部门核实处理。等共计6个事件需处理。
0,"2020年12月3日18时25分，王店派出所接110指令：浙江省嘉兴市秀洲区王店镇沿塘路百世快递食堂的员工上吊了。民警接到指令后立即赶赴现场，经了解2020年12月3日18时15分许，百世员工在员工宿舍楼顶发现徐剑（男330825197608242112，户籍地浙江省龙游县石佛乡三和村白马刘家11号，百世快递食堂经理,患有忧郁症，有吃药）上吊自杀。后其员工将徐剑扶下并由120送往嘉兴第一医院抢救，经医院抢救无效后死亡，现民警已联系刑大、法医查看现场，初步排除他杀，现已联系其家属徐欣（男，330825197802152110，徐剑弟弟），来所调查。该事件可能存在不稳定因素，现我所将密切关注动态并对不稳定因素做好稳控工作。"
0,桃北村9组今年&nbsp;4月响应村委号召完成了空房交付&nbsp;和搬迁，村委承诺在11月份在村委横西桥东侧提供新的宅基地，但由于村委工作出现纰漏&nbsp;&nbsp;原来承诺的宅基地未能按时原地址交付，在从10月份到现在这段时间一直懈怠工作，且未能受理村名的合理诉求&nbsp;&nbsp;一直未落实宅基地。在这几个月的时间里&nbsp;&nbsp;村名都是托家带口在外租房，很多都是上有八九十岁的老爷爷老奶奶，下有不足月的婴儿，也没有相应的租房补贴，居住生活着实不易。现请人民政府干预介入，帮百姓公正公平的解决此时，万分感谢！！等共计20个事件需处理。
0,来电人家住青龙街和大新路交叉口的秀水人家，反映8幢1单元东面有一家饭店，烟囱油烟排放到小区内，气味刺鼻。其表示小区内居住的大部分都是老人，本来心血管就有问题，若是再闻到油烟味，身体会受不了。请相关部门核实处理。等共计2个事件需处理。
0,来电人是北京路嘉禾北京城一期业主，小区垃圾分类后将垃圾桶全部移到小区大门口处，但有小部分住户还是将垃圾堆放在楼栋下面原来放垃圾桶的地上，经常有野猫野狗把垃圾扒出来，向物业反映未果。再次来电表示没有任何改善，保安没有及时清理垃圾，楼道也未张贴一张通知；另外原业委员已过期，但原成员赖着不走，新选举的成员都无法上任，希望街道帮忙协调。
0,南湖区西马桥小区改造每天早上6点就开始施工，无法正常休息，噪音扰民严重，希望相关部门核实处理。
0,来电人是新丰镇尊贵·丽景家园住户，小区东面的几家餐饮商铺油烟直排，噪音扰民，多次向新丰镇城管部门反映未果，投诉新丰镇城管部门不作为。
0,来访人在桐乡市齐进路237号，俪绱时装有限公司，其中加工费拖欠200万，工人工资2个月工资，大约7~8万，原料供应商今天没有来，其中有一个大约拖欠600万，来访人员7人，（总共拖欠人数超过70人），来访人要求到信访局。第3次前来12人。
0,来电人曾多次反映泾水公寓二期大门东面的阿凡提烧烤直接排放油烟事宜，现再次反映商家依旧没有整改，油烟依旧是直接排放的，已经严重影响居民生活，自己有视频为证，城管晚上8-9点过来巡查，一定能发现这个情况。希望相关部门调查核实后给予回复。等共计3个事件需处理。
0,来电人是南湖区望湖路855号商户，9月份罗马都市物业在望湖路地下车库出口处一侧用小花坛将道路封了，也没有通知附近业主，影响周边店铺生意，联系物业对方表示全体业主同意的，其表示不满。物业说12月1日之前不交物业费，要发律师函起诉房东，可是物业事情不解决，也不给任何说法，说和领导反映就没有声音了，所以才要投诉的。
0,2020年11月29日，我所接群众鲍坤荣（手机号：13185321208）报警称，他家的鸡鸭被两只狗咬死了，并称狗是褚云华（明星村鱼头桥56号，13967383388）家的，但是民警询问时褚称不是他家的是野狗，鲍坤荣称需要把野狗处理掉。需要城管核实处理。
0,来电人是新丰镇尊贵·丽景家园住户，嘉兴富欣热电有限公司没有经过小区业主同意，要在小区北侧河边安装蒸汽管道，会影响住户正常生活，要求停止施工，更换安装位置。等共计5个事件需处理。
0,反映：来电人是罗星街道新洲社区汇丰家园的业主，一、现工作人员直接在草坪上挖出一块空地造一个垃圾分类站，来电人表示选址不合适，占用小区绿化。二、小区内乱停车现象严重，物业不管理。请相关部门调处答复。等共计4个事件需处理。
1,2021年02月10日10时14分油车港上睦村南庄浜6组74号门口邻居把石头放在路上不让人走民警带班到现场处置，系张宝荣（女，52岁，18268362140，油车港人）与郁林荣（男，58岁，油车港人，15825709560）因土地问题发生纠纷。
1,2021年02月10日00时36分百花庄村好又多超市后面院子里老公家暴我，不要120。民警带班出警现场，系张场地（342222199712144425，15052476492）与邹福川（511524199312017232，15968399689）双方因夫妻感情问题发生纠纷。
1,凤桥镇春风里二期，自交房已近半年，但开发商迟迟不办理大产证，严重损害业主利益，望政府引起重视，给予帮助，协调处理，感谢！等共计5个事件需处理。
1,"2021年2月23日05时34分，王店派出所接110指令：王店镇中村石桥头，我姑姑昏迷了需要送去王店医院。后回拨称不知道姑姑怎么昏迷的，已经自己送往医院了。民警蔡方曲，徐欢带班处置现场，经了解系2021年2月22日5时15分，楼荣明（男，330411196401232019，15157381866）发现其老婆胡凤英（身份证号码：330411196403162026，户籍地：浙江省嘉兴市秀洲区王店镇镇中村石桥头北路西64号）昏迷不醒，后由侄女黄丽娟（女，330411198410275423,13575300964）帮其报警，家属方将胡凤英送至王店人民医院抢救，经医院抢救无效后死亡。民警联系刑大、法医勘察现场，排除他杀。家属方对排除他杀无异议。尸体由家属方带回准备办理丧事，目前家属方情绪较为不稳定。"
1,2021年2月17日，中润公司工人王刚在返回蓝城工地生活区宿舍时被杨金明方拦在生活区门外，杨方表示现在与中润方协议还未达成，工人均不能进宿舍，双方因此引发纠纷，中润公司负责人陈洪萍到达现场协商无果。明后日蓝城工地工人可能大批量回盐，如再进行阻拦，届时可能会造成人员聚集，工人可能会闹事引发冲突。
1,"2021年2月17日，大桥镇中华路36号，李国英（330411196705164027,13957329051）与其夫毛海庆（330411196406243016,13362388615）因生活琐事发生争吵，毛海庆因喝了酒将自家花瓶砸碎。"
1,关于毛海庆有关情况的续报。毛海庆，目前住在大桥镇中华路53号，一楼为其经营的嘉兴市惠民水生动物病害防治中心，二楼用于自己居住。隔壁为一家大型电动马达修理机构，平时作业会产生噪音。因噪音问题其蹭到镇城管、科发局、环保等部门反映过。后由镇信访办牵头、多次上门沟通，双方于12月初达成解决方案，2021年3月马达修理铺将搬走。但对调解一事，毛海庆一直反复，经常去“骚扰”修理铺，使得修理铺经营者也是很无奈，曾扬言：不搬了。后经调解，修理铺答应搬走。另外其与妻子之间也存在较为复杂的家庭矛盾。拒其妻子所称，毛海庆有时存在精神偏激现象。前期上报信息初步调查情况，经大桥派出所初步调查如下：1.所称“小钢炮”为其2015年自己设计的射绳器，由钢管和钢筋自行焊制而成。使用方式为：；里面放置鞭炮，鞭炮后面绑绳子，点燃鞭炮后将绳子发射到河对岸。制作该器具的原因为因其水生动物防治中心会有水上作业，用于过河时使用。现在因买不到鞭炮，且家中无鞭炮库存，已经长期闲置在家中。其与妻子有家庭矛盾，说气话要用射绳器将自己房子炸掉。其表示愿意将射绳器交至派出所。2.床边的锤子系橡胶锤，自己平时生活使用。3.前面说的斧头，系其从拼多多上购买，目的是买来劈骨头所用，目前物流中，预计这两天会到，到了会上交派出所。我所下一步将密切关注物流情况。三、目前情况：民警对毛海庆进行法制教育，告诫其不得做违法犯罪行为。其与妻子的家庭矛盾问题，民警建议其到大桥司法所由老娘舅或法院解决。
1,2021年1月2日，我所接报警人彭爱玲（330411196212244440，18767374044）称堆放在两家过道的瓦片被被我老公的兄弟张建林（330411196502144413）推倒了，我们是邻居。后民警出警至现场，据张建林称这里是过道，不能建围墙。故此双方发生纠纷。两家纠纷由来已久，民警建议双方明天至建国村村部解决此事，双方同意。请社区持续关注，防止双方发生过激行为。
1,2021年2月8日，东栅所接信访办指令：暂住在南湖区赞成丽景苑的周莲群在信访办反映称其不断受到前夫骚扰，人身安全得不到保障。经查，周莲群（女，身份证号码330781198401265587，13736869295）因为离婚事宜与前夫汪远法存在矛盾，周莲群之前居住在大桥镇好第坊13幢510室，也曾多次受到前夫骚扰并报警。现周莲群为躲避前夫，带小孩子汪俊晨（就读于北师大二年级）租住在丽景苑22幢602室。目前其前夫汪远法对该住处不知情。我所将进一步关注该矛盾纠纷。请予以关注并及时流转处置。
1,2021年我所接报警人涂福林（511381198606238913，13511398343）报警称：有一对老夫妻老是来敲门，因为狗的事，民警到达现场了解到报警人家里的狗老是跑到王水根（83106756）家里的田里去糟蹋种的菜而引起纠纷，此类事情已经发生过多次，双方情绪也较为激动。烦请社区及城管等部门及时介入，从中调停，对于狗的问题，如果报警人家里的狗饲养不符合规定，及时处置。
1,"2021年2月17日，大桥镇步云倪家浜秧里浜小区第一排，吴正香（330411197004023832,13868477378）报警，其前妻言慧娟（330411197401113823,13867377875）将吴正香车子开走。双方离婚财产分割产生纠纷。"
1,【冠状病毒】【涉疫其他】2月15日来电人开始在南湖区丽豪酒店205号房隔离，反映待遇情况特别差。1：伙食很差，来电人提出想自己出钱买好一点的饭菜或者点外卖，被工作人员拒绝，且服务态度特别差，告知来电人免费饭菜就这样，爱吃不吃。2：酒店没有桶装水，只能烧自来水，也不允许自己买桶装水。3：来电人已经入住第三天了，没有任何工作人员来联系告知后续有什么安排，甚至工作人员都不清楚来电人是什么时候入住隔离的。4：酒店卫生状况特别差，卫生间地漏完全被头发堵死:5：现场工作人员服务态度差，导致每天走廊上都有吵架的声音。希望部门解决。等共计3个事件需处理。
1,"2021年2月11日,指挥中心指令,巴黎都市杜伊勒宫7-1107,有人威胁我要来我家搞我，我现在在他家门口.民警朱小良、辅警杨玉君到现场——巴黎都市杜伊勒宫7-1107，现场门口的一个沙发上坐着一名女子，经过询问就是报警人，报警人胡月娇（520201199109244042，17757373007，住址：枫杨坊8-508）称，有一个叫王化敏（13175578558，哪里人不知道）的女子，以前和自己认识，1、2年前和自己产生了误会。刚才至得知对方在自己的前夫家找自己，前夫家住在凤桥镇和孩子一起住的。询问报警人为何事发生矛盾，报警人不愿意透露。自己就想找对方把事情说清楚，让对方不要找到前夫家中去，现场几次联系王化敏，对方一直没有接电话。民警告知如果对方还在凤桥前夫的家中，可以前往凤桥，也可以直接找当地派出所帮忙。报警人表示——我现在在他家门口等她回来，和她说清楚，民警现场告知不得有过激的、违法的行为，报警人表示知道了。2021年2月11日22时26分,指挥中心指令,巴黎都市杜易勒宫7-1107,我们家里门口的监控和对联都被人撕了，还打电话威胁我。民警朱小良、辅警杨玉君到现场——巴黎都市杜伊勒宫7-1107，经找到报警人王化敏（340121199712241907，13175578558，巴黎都市杜易勒宫7-1107）了解，报警人称：有一名叫胡月娇（520201199109244042，17757373007，住址：枫杨坊8-508）的女子和一个张凯凯的人合开一家——拓城环境公司，自己在他们的公司上班，欠了自己工资不付，自己起诉法院后胜诉。对方不服就找自己。今天自己到凤桥乡下，因为和对方的前夫认识，正好路过就去坐了一会，胡月娇知道后就打电话给自己威胁我。自己刚才回家后发现家门口的春联被撕去，室外门框上端的监控（插卡式）也被拿走。2021年2月12日11时55分,指挥中心指令,巴黎都市杜伊勒宫7-1107,我朋友我敲门不开，我怕他在里面生病了，要120，他还拿我的公章把我的钱领出来了还不肯还给我。处警民警朱华带辅警到现场后，报警人胡月娇（520201199109244042，17757373007）称我朋友王化敏（340121197112241907，13175578558）我敲门不开，我怕她在里面生病了，要120，他还拿我的公章把我的钱领出来了还不肯还给我；经了解系双方有经济纠纷，告知双方自行协商，协商不成可诉讼解决。"
1,2021年01月22日10时49分油车港栖真村油平湾20号邻居之间在争吵，吵的很厉害。民警带班出警至现场，系徐秀宝（330411195312034825）与徐红梅（330411197811094821，13732569889）双方因土地问题发生纠纷。
1,2021年01月22日08时53分油车港镇杨溪村1组4号，和邻居因为宅基地有纠纷。民警带班出警至现场，系杨四娜（330411196203230629，13758067274）与高德材（330411197201260618，13705735638）双方因土地问题发生纠纷，民警到现场时高德材人已离开。
1,2021年01月20日19时53分油车港胜丰村洪家浜17号，我和我老公吵架了，他不让进门。民警带班出警至现场，系怀才根（330411198609194815，13736442930）与朱燕华（330411198701044844，13957360874）双方因夫妻感情问题发生纠纷，后告知双方自行协商解决。
1,"2021-02-0210:18:09接指挥中心指令:南湖区创业路创业园7栋鑫远建设,他们50-60人来讨要工资，双方在吵架。南湖派出所民警沈有才带协警到达现场。经了解，浙江鑫远建设公司承建海宁市黄湾镇尖山新区朗骋新材料建设项目，因拖欠民工工资400余万元，涉及民工200名，现有时消（41302419770918193X，13221353141）、张远伟（511023197409184210，15857309925）、唐绍忠（51102319680822561X，13335835291）等50多名民工前来讨要工资，民工扬言，如果讨不到工资，后续将还有大量民工赶来讨要工资。工人称，如果得不到答复，就要去市政府上访，此事存在不稳定因素，特此上报。"
1,2021年01月14日09时51分油车港麦家村农村道路改造工程，因为赔偿的事情，一个女人阻碍我们施工。15167385369民警带班出警至现场，系冯志军（32092219680523711X，15167385369）与宋学珍（55岁）双方因土地问题发生纠纷。
1,2021年1月28日，朱其东（342128197212026493，电话17706739176）与吴兆坤（男，1954年，19857324146）因土地承包问题发生纠纷。系五年前吴兆坤与村内其他几户人家将土地承包给朱其东种植莲藕，今年承包期结束后未继续将土地承包给朱其东，其他几户人家则是愿意继续承包给朱其东，由于吴兆坤与其余几户人家田地连在一起，呈环抱之势，朱其东将今年承包的土地灌水后导致水倒灌进吴兆坤田地内，至此产生纠纷，望有关部门进一步跟进协调。
1,2021年01月07日09时49分油车港百花庄村12组丁家桥，造房子造了二十几年。这条路还是不让我走民警出警至现场，系陆有泉（75岁）与朱美君（68岁，18067087877）因土地问题发生纠纷。
1,嘉善县罗星街道世博名邸小区（新联社区）和隔壁拆迁房相家堰小区（城南社区）为道路通行问题矛盾由来已久，2020年10月城南社区擅自将属于世博名邸小区的地扒了，要改坡度，照片中被扒的地是世博名邸小区的地没人通报、通知给世博名邸小区业主，扒地的事就这么发生了，现在法治社会，文明政府，光天白日之下，就这么擅自扒了世博名邸小区的地，是不是挺悲哀的，这是文明之耻今天2021年1月27日，趁世博名邸小区业主上班之际，又擅自开工，妄图用既成事实来掩盖他们野蛮施工、强盗逻辑，政府在哪里？公平又在哪里？
1,"2021年1月19日，有群众报警称洪合镇国贸大厦407因为孩子的事情双方有纠纷了，出警至现场，系徐倩（江西人，362322199412071817,18267350613）与夏优敏（江西人，36232219961124184X，13970341982）双方因下孩子的抚养问题发生纠纷，带回所内调解成功。"
1,尊敬的平湖市领导，关于御龙湾种种民怨已经铺天盖地（包括各种社交网络平台），作为回复部门最终都是小区所在地街道（诉求方和当事方），因此我们几百人次的信访和反映政府相关部门最终都流转当湖街道在古板的回复，根本没有把群众的呼声，百姓的关注当回事，经广大业主讨论形成如下意见，同时将视情况做保留向省、国家级反映和呈报本次的呼声：1、开发商（万城房产）把一期二期的车位建设在三期，当时我们三期业主还不存在，所以车位弥补设计的方案征求会只征求了单方，如此不合理规划，居然也能通过，退一步即便同意更改规划，开发商在后来的车位建设根本没有按照规划公示的（53个地面车位）进行建设，即多余的400个地面车位是否属于违规建设地面车位请市政府直面规划建设局查实；02、开发商当初承诺三期和一期二期一样属于人车分流（有宣传证据），而目前的状况属于“三期大型停车场”，更为可恶的是连个人行道都没有（有实拍图为证，请政府派人实地纠察）；3、按照政府小区规划建设需要社区用房和物业用房的部分配比，我们小区业主非常欢迎社区来本小区为民服务办公，但是小区西北角的社区用房作为社区（对外）办公更合理（处于整个小区的外延，交通方便，停车方便，显示度好），非得选择内部（原销售会所的用房）作为社区办公，不符合《社区物业用房建设规范》中关于社区用房必须设置在小区周围，并有独立通道的条款内容。况且社区在没有经过程序及符合条件的情况下，擅自仗着我是政府办事机构进入B13会所进行装修（目前装修中止中，正在补做消防设施），我们提请给予重新考虑位置，还有如此不合理的规划，请彻底查查从中是否有某些商业利益驱动的可能？附近政府用房有很多，体育馆外租的足浴、餐馆、装饰公司，总工会健身会所等等，为啥偏偏以打着服务我们40%的名义进驻小区内部办公，于情于理都不妥；04、开发商原来承诺的小区实行封闭管理（有宣传证据），一期二期三期理应一个模式下进行封闭管理，至今交房已经一年，系统还未完全升级完成，眼下，疫情常态化，社区的进驻，会大大增加抗疫成本及发生疫情的概率，后果非常严重，事关整个平湖；5、三期验收时尚未达到验收标准，大部分干道和绿化的建设到2020年5月左右，而且验收后，开发商进行了很多自以为是的“圈钱动作”（如绑架地面车位销售、地面绿化更改位路面车位等）（有前后拍摄图片为证），车位乱规划那么多，居民大量电瓶车的充电装置倒没有规划，如今安全隐患到处都是，开发商还于2020年在地下停车场私自搭建违章储藏室200余间，后经举报城管（给城管一个赞），拆除！.......开发商的无良，规划设计的紊乱，部门监管的不力，基层管理的盲目，等等，都是对工作思路的不开窍，对人民群众的不负责任，有种：冒天下之大不韪之意。最后，我们肯请政府领导能为上述诉求给予调研和落实，切实维护广大人民利益，共同推进平湖文明建设。
1,来电人曾反映南湖区新丰镇新大公路普洛斯物流园晚上噪音扰民，无法正常休息，反映多次未果。现再次来电表示安装隔离墙也没有用，现场有汽车轰鸣声、鸣笛声、工作人员的喊声、重物敲击声，还有机器分解的声音，来电人仍要求其晚上22点到早上6点禁止作业，并质疑共产党不把其当人（要求登记原话）。请相关部门再次核实处理。
1,"2021年1月18日上午8时45分许,新丰派出所接110指令,在新丰镇杨庄村小木桥组双方为宅基高低问题还没有弄清楚,对方包工头已经让工人在这里建房,已到村里反映过,他们让我先报警.接警后，民警赶往现场，经了解报警人颜云峰（男，杨庄村小木桥组38号，电话：13705734028）与颜云华（男，杨庄村小木桥组32号，电话：18858338581），因为宅基建房问题有纠纷，多次向杨庄村村委反映，对方颜云华均未停止施工，进一步了解，颜云峰反映，颜云华现建房位于其南面，对方有建房审批手续，但对方未经周围住户同意，擅自垫高宅基建房，影响旁边住户，村委会工作人员多次上门工作，对方态度强行不愿意停工调解。最后颜云峰表示，如果村委不能妥善解决此事，其会自行通过强硬手段解决，该纠纷如果不能妥善解决极易引发个人极端事件。"
1,1月14日、16日，新丰乌桥沈家泾12号沈忠民与乌桥沈家泾16号沈炳其两家因造房子的事情多次发生纠纷，需村委会出面协调解决矛盾。
1,2021年1月21日9时47分，王店派出所接110指令：王店建农村鲁家埭信号塔边上，有人在这里无理取闹，阻碍我施工。民警处警到现场，经了解系2021年1月21日9时许，在王店建农村鲁家埭信号塔边上，村民方能琼（女，330411196501312024）与千岛湖饮水工程施工人员马心玉（男，342222198710037314）因施工问题发生纠纷，经调解不成告知双方到村委或政府相关部门协商解决。
1,2021年01月03日13时06分油车港百花庄村金家桥19号，我的自留地被隔壁的邻居挖掉了，系陆爱荣（330402196802213912，13586335756）与陆水林（330402196407253914，13967310301）因土地问题发生纠纷。
1,2021年1月1日，新丰镇乌桥村10组乌金浜16号姜士明（男330411196405163639电话15988330577浙江省嘉兴市南湖区新丰镇乌桥村牌楼16号）因拆迁赔偿问题未与政府达成一致与挖机的施工人员发生吵架，请政府相关部门协调处理。
1,2021年1月13日，填土方的施工队因将泥堆放在朱忠良（330411196510135019，电话13957392627）鱼塘边过高后，泥土滑入朱忠良养鱼塘内，朱忠良要求施工队进行赔偿而产生纠纷。
1,2021-01-1209:07:23接110指挥中心指令称：在长安路中环城市富邦B区7栋，对方不让我进去双方有纠纷。民警陆子高辅警出警到城市富邦B区7栋楼下，系报警人阚红伟（342221197909201096，15067344666）在2020年在海宁尖山新区敏杰祥华厂区给施工单位嘉兴鑫远建设工程有限公司做马路，现有人工、材料款70多万元没有结清，2020年底阚红伟和嘉兴鑫远建设工程有限公司总经理陆雪平（330402194710280931，13505733926）协商，嘉兴鑫远建设工程有限公司按期付给阚红伟款项，并写下文字签字确认，但今年1月初嘉兴鑫远建设工程有限公司没有按约定付款，阚红伟今天来到嘉兴鑫远建设工程有限公司要人工和材料款被门口登记的人员易世涛（500222199209194132，15268351489）、陈明（320925197504065418，15757319358）以没有预约为由拦住，后联系嘉兴鑫远建设工程有限公司总经理陆雪平到楼下和阚红伟协商，并说明现在公司正在起诉海宁尖山项目甲方，因为此事存在不稳定因素，特此上报。
1,2021年1月2日，报警人吴文伟（330411197305175637，电话133957311868）和周伟泉（330411195419111831，电话15062530605）因土地问题发生纠纷，下一步需要相关部门跟进。
1,2021年1月2日，报警人曹连华（321083197607093564，电话18157394886）与王淞（522527199502181772，电话17625262668）因两三年前的漏水问题发生纠纷，下一步需要相关部门跟进。
1,王店宝华村9组青石桥2号，杨新英（女，330411196502062047）和王来根（男，33041119621215201X）因多年积累的琐事发生纠纷，现多次报警，经民警多次调解不成，双方表示会自行去村委协商，民警一离开现场王来根又多次拨打报警电话，说对方又去其家中.现我所已对双方组织调解，调解不成功
1,王店宝华村9组青石桥2号，杨新英（女，330411196502062047）和王来根（男，33041119621215201X）因多年积累的琐事发生纠纷，现多次报警，经民警多次调解不成，双方表示会自行去村委协商，民警一离开现场王来根又多次拨打报警电话，说对方又去其家中
1,系何莉莉在第三方平台预定了丰义民宿的房间，到达后发现价格与实际不符，产生纠纷
1,2021年1月2日8时许，王店派出所接110指令：郭明珍（女，330411197405162024）在王店建林村11组杨家村10号与邻居因土地问题发生纠纷，经民警了解到该土地归村里所有且另一方不在现场，现已告报警人前往村里协商解决。
1,2020年12月12日09时28分油车港澄溪村冯家港8号隔壁邻居拦着我，不让我走。系王玉华（330411197510150615，15825704083）与王建新（330411197204260613，13736452553）因土地问题发生纠纷。
1,"12月22日14时40分，新丰竹林高家荡13组盐丰公路观光园区公交站东面，系朱才荣（男浙江省嘉兴市南湖区新丰镇竹林村北杨13号13706595177）与朱正林（男浙江省嘉兴市南湖区新丰镇竹林村北杨１７号电话：15967315021）因邻里土地问题产生矛盾纠纷,该纠纷涉及土地归属问题，请镇相关部门、村委会及时协调处理。"
1,2020年12月25日20时许，王店派出所接110指令：这里有个男的一直要一个女的和他走。民警出警至现场了解到，张永芳（女，342601197809107402，安徽人，暂住王店太平桥杨其桥18号）和王永洪（男，522130197606124673，贵州人，暂住王店太平桥杨其桥18号），两人已男女朋友在一起5年，并居住在一起，现双方因感情问题发生纠纷，张永芳想与王永洪断绝来往，王永洪想要回花在张永芳身上的钱，后期可能还会存在矛盾纠纷情况。
1,2020-12-1518:33:07接指挥中心指令：“名典公寓710这户人家因为与楼上邻居有纠纷，她安装了震楼器故意扰民。15868364757，报警人住609”民警到现场，系报警人江艳波（330421199707181847、15868364757，名典公寓609室租户）称名典公寓710室经常半夜有响声，后民警到710敲门，因家里没有人，报警人称是710室房东因810漏水多年未修复而故意买了震楼器放在家里，民警告知报警人明天与物业周黎平（330402196504120929，13867300677，名典物业经理）一起上门口检查。后我所也联系上名典公寓710室业主代青中（411526198408281913，18069667777），其在电话中也默认装了震楼器，但因人还在杭州，暂时赶不回来，后其称17日会到明月社区去与810室业主进一步协商，我所告知其不可以再开震楼器，其也表示认可。
1,2020年12月16日13时31分油车港合心村沈家度道四港这里因收割稻子和邻居产生纠纷出警至现场，系刘青材（510322199307177990，13017796852）与合心村一村民因收割机过路问题发生纠纷。
1,2020年12月17日上午，薛建芬（1957.1.28，18367325433，通元人）与潘大元（1969.2.7，13067580811，安徽人）双方为在通元镇石泉复兴浴室边上的土地使用问题引起纠纷。
1,2020年12月22日15时46分，王店派出所接110指令：嘉海公路王店建林村任家门段，新建公路施工，一个村民来阻挠施工，因为土地的赔偿问题。民警处警至现场，经了解系2020年12月22日15时30分许，在嘉海公路王店建林村南塘工业园路口，钱步云（男，330411195809225416，13750750024）与方潇潇（男，330501198602151612，15067356720）因土地赔偿问题发生纠纷，现告知双方前往村委会协商。
1,2020年12月22日13时20分，王店派出所接110指令：秀洲区王店创都国际名城小区门口，四五十个工人在莱斯奥集成家具厂工作，属于外包企业，说好是按小时算工资。现在聚集在老板家，老板自己锁门不开。报警人称拨打过12345，劳动局表示不管。民警处警到现场，经了解系2020年12月22日13时许，在王店创都国际名城小区门口，代盛（男，530421200308220514，18087707257）等四十余人与老板田猛（男，412826198806258038，15294907775）因劳资问题发生纠纷，现告知前往劳动部门处理。
1,2020-12-2010:44:04，接110指令：泾水公寓23幢206家里人吵架。民警出警到达现场经了解，李金顺与李建福系父子关系，双方因口角发生纠纷，民警当场劝教。又经了解，李建福系低保户，该户家庭生活困难，家庭矛盾较深。建议由社区居委会进一步关注，化解该户的家庭矛盾。
1,2020年12月6日中午，张建丰（身份证33041119790618503X，电话13957363339）与张崴（身份证330411198010155019，电话13738293177）因土地问题发生纠纷，下一步需要相关部门跟进。
1,2020年12月14日上午，凌奎生（男，身份证号：330411195310100411，电话：13605735138）与凌坤荣（男，身份证号：330411196203180414，电话：13605731541）因土地问题发生纠纷，下一步需要相关部门跟进。
1,2020年12月05日上午，周老虎（女，身份证330411195101250421，电话18074088130）与报警人周巧观（男，身份证330411195908040417，电话18267350107）的老婆李永珍（女，身份证330411195905160421，电话无）因土地问题发生纠纷，下一步需要相关部门跟进。
1,"2020年12月01日下午，有群众报警称洪合镇凤桥村高家桥桥北面种水稻的地方，对方把我的田里灌满了水，双方有纠纷，村里也调解不好。出警至现场，系代军（安徽人，342127197008288633,15957366117）种植草莓与王文革（嵊州人，33062319680518657X，15968359525）种植水稻，双方因灌溉问题发生纠纷，民警将双方带到凤桥村村委，由村委出面协调。"
1,2020年12月3日上午，新丰镇乌桥村联丰村12号，王水荣（浙江省嘉兴市南湖区新丰镇乌桥村联丰12号15957302347）与王水青（浙江省嘉兴市南湖区新丰镇乌桥村联丰13号17306831965）两兄弟因土地问题发生争执，需镇相关部门及村委会出面调解。
1,2020年12月8日13时32分，王店派出所接110指令：王店嘉海线建林村路口，我们装交通设施的网管被施工队埋掉了，产生纠纷。民警处警到现场，经了解系2020年12月8日13时许，在王店嘉海线建林村路口，聂多湖（男，512532197403084731）摆放在施工路段的管道被其他施工队误埋，管道未损坏，现民警已帮其登记并告知可前往村委会询问施工队情况。
1,2020年12月2日14时46分，在王江泾锦丰纺织有限公司人事部，潘金权（530381199003262516，电话18388915575）与人事部胡文琴（330411198112090228，电话18368389368）因劳资问题发生纠纷，下一步需要相关部门跟进。
1,2020年12月6日15时19分，王店派出所接110指令：王店建农村委会路口南面过河，老板不付收水稻的钱，双方在一起。民警处警到现场，经了解系2020年12月6日15时许，在王店建农村委会路口南面过河，张侠（女，320305198206251526）与沈玉宝（女，330411196307055044）因水稻收割费用问题发生纠纷，经民警调解，双方无法达成协议，已告知可前往村委会协商解决。
1,2020年12月2日13时48分，王店派出所接指令：王店农贸市场，投标发生纠纷，具体不愿意说。民警处警到现场，经了解系2020年12月2日13时许，在王店农贸市场徐双林（男，330411196501172076、13067573873）和邹艳红（女，371324197002216846、18867695141）因摊位竞拍竞标问题与拍卖公司发生纠纷，经民警调解，双方无法达成协议，已告知双方前往相关部门解决。
1,2020年12月3日22时26分，王店派出所接110指令：王店镇花园路金桥商街7幢508室，因为投资的经济纠纷，对方打电话威胁我。民警处警至现场，经了解系2020年12月3日22时许，报警人李庆英（女，330411196901282047，13967352921）与姚菊珍（女，33041119701016202X，15858391128）在浙江省嘉兴市秀洲区王店镇花园路金桥商街7幢508室，因经济问题发生纠纷，经民警调解不成，现已告知双方当事人科前往王店司法所解决。（二次报警）
1,2020年12月1日，王店派出所接110指令：朱金富（男，330411196203272239）的母亲在王店建设5组张宝村26号10几天前被蔡伟（男，522130199704295651）所养的狗咬伤，现双方因医药赔偿问题发生纠纷，经民警出警调解不成。
1,[梧桐派出所]2020年9月12日至12月25日，许春燕多次报警称，在茅盾西路114号3幢2单元302室有家庭纠纷。经了解，双方系夫妻关系，许春燕因刘小俊经常很晚回家而发生吵架，对双方进行劝导。
1,来电人在淘宝上（发货地：海宁市长安镇）购买了一笔订单2000元的商品，现在发生纠纷。
1,马桥格林公寓业主姚林娟因进地下车库不配合登记后将车把门堵住与物业许圣垚发生纠纷
1,1月10日20:30左右，来电人在嘉兴南站乘坐车牌为浙FT6828的出租车前往湘都公寓二期，但司机没有送至目的地，而是在湘都公寓一期停车，且该司机还骂人，现要投诉该司机。请相关部门核实处理。
1,来电人1月10日上午9:20分左右驾驶车辆在富润路和由拳路交叉口，因轻轨施工没有围住或者做标识，导致不当心开到施工位置，想调头发现栏杆围着路，来电人想要拖开栏杆，被协警工作人员斥责。后让来电人自己拖开就再拖回去，来电人不同意，认为这个应该有施工单位或者协警工作人员做，后工作人员辱骂了来电人，现要求工作人员道歉。
1,1月10日凌晨2点左右，来电人女朋友从友谊街打车到凯旋路，车牌浙FT8579，喝醉了发生口角，被司机辱骂，来电人投诉司机。请有关部门核实处理。
1,来电人1月9日9:40分到新兴街道办事处去迁户口，但保安不让进，来电人向派出所咨询过周六是上班的。两个保安骂来电人“神经病”，来电人对此表示不满。
1,韩有康家里有许多的桑材，本来都是堆在桑树地里，但是这几天他家里要烧就把桑柴都堆在了路上，导致韩惠良回家里车都开不过，韩惠良很生气，矛盾产生
1,来电人反映其爷爷杨阿财在2012年南湖区余新镇长秦村7组的房屋因危房拆迁，当时拆迁到了两套南湖区南江苑68平的安置房，但是由于其中一套涉及和来电人大伯家的财产纠纷导致来电人无法拿到另外一套没有纠纷的68个平方的安置房，来电人对此表示不满，希望有关部门核实处理。
1,来电人是浙F08B7C司机，1月9日晚上9点左右，来电人从金都景苑南门驶出，浙FT2809出租车危险驾驶后，逼停来电人车辆，并下车辱骂来电人，砸来电人的车，希望出租车公司严肃处理。
1,汇丰村华丰片砖桥头谢建荣与谢明东家屋后地沟发生争执，俩家女人吵架，并打电话到村里要求解决。
1,在望海街道新区农贸集市处。系王光恒与吴彦两个人因菜场装修费不付引起纠纷，请处理
1,周逢之家里阳台因水管意外漏水，造成陆民家里屋顶、墙面、地面等位置浸水所引起的纠纷。
1,物业巡查是发现硖仲路433号店铺空调外机占用隔壁商铺位置，要求商铺老板整改，商铺老板则表示后期会和隔壁店铺业主自行协调，由此产生矛盾，经社区协调后，双方同意先找专业维修空调师傅到现场查看后进行调整。
1,丈夫觉得妻子对自己关心太少，妻子认为丈夫太自私，双方缺少沟通导致婚姻产生矛盾。
1,2021年01月11日在海宁市长安镇盐仓新疆特殊烧烤店，双方因琐事发生纠纷。
1,2020年12月28日双方因琐事发生口角互相谩骂，经调解员当场调解劝离。
1,双方于2015年11月结婚，育有一女一子，儿子才9个月，因为男方是江苏人，女方生了二宝后，由婆婆过来帮忙，二地生活习惯的不同，导致婆媳常因小事争吵，相对女方较强势，男方也比较内向，女方爱不了婆婆的常开窗通风，导致自己双脚冰冷出毛病了，一定提出离婚，男方也一再让步，汽车房子归女方，女方却连日宝宝户口也不让迁出，女方一定说等定宝迁户口时也就是房子更名时，然而房子购买才二年，五年不到不说，就税也是好多的。
1,俞建伟来村里反映俞建康家里有一棵大树，这几天西北风一吹树叶都落到了他家的院子里，他很生气，矛盾产生
1,鱼圻塘村于家埭53号农户范杏英与57号李玉宝是妯娌关系，双方年龄已近80岁，为了几厘自留地争的面红耳赤破口大骂。双方儿子多次劝说自己母亲无效后于昨天下午来村委会要求上门调解。
1,12月6日下午约4点，来电人开电瓶车在少年路精严寺街6-1舒师傅糕点铺南面一个弄堂里逛街，出来时有一辆汽车和保安发生争吵，开出去时被拦车杆砸到头，摔倒在地上，报警了，交警告知没有监控，因附近道路施工停了，无法查询，并告知走的是汽车道，由其自行负责。来电人表示人行道标识没有，只放了两个塑料桩，左一个右一个没有排出平行线，很不规范，很多人在这里都被砸到过。停车场没有监控就不应该对外开放，或安装临时监控再开放，建议拆除拦车杆，认为保安没有尽到责任，手里拿了遥控器，看到了也没有提醒。怀疑是保安因汽车停车收费的事情故意发泄在其头上，现要追究保安责任：1、没有提醒行人、车辆进出安全的责任；2、停车场责任，各方面不安全也没有停业整顿，已经有多人被砸，也没有拆除整治，管理不严格。要求停车场管理方出专人陪同去医院全身检查，垫付检查费、医药费、误工费。3、交警责任，交警为何允许在行人较多的步行街设置拦车杆，事故高发地为何没有进行停业整顿、取缔，停车场管理方和负责该路段交警管理人员是否存在金钱交易？负责该区域的交警队长应进行行政处罚，对其承担相应行政赔偿。
1,12月6日下午约4点，来电人开电瓶车在少年路精严寺街6-1舒师傅糕点铺南面一个弄堂里逛街，出来时有一辆汽车和保安发生争吵，开出去时被拦车杆砸到头，摔倒在地上。报警了，交警告知没有监控，因附近道路施工停了，无法查询，并告知走的是汽车道，由其自行负责。来电人表示人行道标识没有，只放了两个塑料桩，左一个右一个没有排出平行线，很不规范，很多人在这里都被砸到过。交警为何允许在行人较多的步行街设置拦车杆，事故高发地为何没有进行停业整顿、取缔，停车场管理方和负责该路段交警管理人员是否存在金钱交易？负责该区域的交警队长应进行行政处罚，对其承担相应行政赔偿。
1,"钱福荣和钱正荣是两兄弟,双方为了母亲的水电费和住所发生争吵"
1,沈杰装修和沈金龙发生矛盾
1,2020年１２月１１日，下午，这个电话18305526183向我推销嘉兴平湖房子，我说我是北方人。不合适买，连续给我电话，我没办法接听，他就辱骂我，应该是一个２５岁左右的小伙子。希望公安能找到此人，对其批评教育，对我进行赔礼道歉。
1,孙国庆打的和刘铭发生矛盾
1,2019年12月24日，徐叶驾驶的电动自行车与吴林春驾驶的电动三轮车在海宁市长丰路文苑小学地方发生碰撞，造成车辆损坏，徐叶受伤的交通事故，该事故经交警部门认定，由吴林春负事故主要责任，徐叶负事故次要责任。双方就事故赔偿发生纠纷，遂至海宁市社会矛盾纠纷调处化解中心申请调解。
1,沈吉阳扰民和曹晓东发生矛盾
1,当事人詹文婷系海宁名澜家具有限公司的员工，2018年9月1日在仓库开卷闸门时，右手不慎被卷闸门上的钢管砸到而受伤，至海宁市第二人民医院治疗，现在病情基本稳定；2018年11月1日经海人社认（2018）1327号认定为工伤，2019年4月23日经嘉劳鉴结字4（2019）175号鉴定为丧失劳动能力程度为十级。詹文婷2020年8月11日离职，之前已经支付部分工伤待遇，就一次性就业补助金未支付，现詹文婷要求海宁名澜家具有限公司支付一次性就业补助金，遂至海宁市社会矛盾纠纷调处化解中心申请调解。
1,刘洋家庭琐事和孙华发生矛盾
1,当事人王玉才系郭瑞银承包浙江恒力健身有限公司下面海宁市塘南路与康乐路交叉路口怡景弯工地做通风工程，2020年11月3日从屋面干活完后送工具到地下室，因无栏杆，无照明，导致当事人王玉才头部受伤，经海宁市人民医院诊治，住院38天，现在病情稳定；现双方自愿放弃司法鉴定。现王玉才要求郭瑞银支付人损赔偿，遂至海宁市社会矛盾纠纷调处化解中心申请调解。
1,当事人都雪娥、都玉平双方1977年登记结婚，婚后经常吵架，后出现家庭暴力。现当事人都玉平提出离婚，家庭其他成员请求调解。双方遂至海宁市社会矛盾纠纷调处化解中心申请调解。
1,邻居家家禽散养，导致菜地的蔬菜被家禽破坏，双方产生矛盾
1,2020年1月1日3时许，王施涛驾驶的电动自行车与罗兆满驾驶的浙FT9S85轻型货车在海宁市施带路长山二里地方发生碰撞，造成二车辆损坏，王施涛受伤的交通事故，该事故经交警部门认定，由王施涛主要负事故责任，罗兆满负次要事故责任。王施涛与罗兆满就交通事故赔偿发生纠纷，遂至海宁市社会矛盾纠纷调处化解中心申请调解。
1,当事人谢立会为蒋建甫承包的海宁市硖石街道农丰路328号美大人才公寓工程做小工。2020年5月9日，当事人谢立会在工作时，不慎受伤，送医治疗，诊断为肩锁关节脱位，花去医疗费23428.07元，均由当事人蒋建甫支付，住院9天，现双方就赔偿款产生纠纷，遂至海宁市社会矛盾纠纷调处化解中心申请调解。
2,"2021年2月13日10时15分，接指挥中心指令，城东路和甪里街中建工地，十几人在指令闹事，因为春节加班补贴的问题，我所民警到达现场，经了解，系谢振东（430522198809194973,13307398967）带领11名工人、张恒（410224199501252011,18339225292）带领11名工人、张学文（413022196110035015,13621806154）带领3名工人，合计28名火车站南广场项目工人集聚工地，向施工单位讨要春节作业补助说法。据了解，该批工人属于项目分包公司上海鸿链（劳务分包）负责的一结构2区工程工人。因招工时分包公司上海鸿链口头承诺春节期间（腊月二十六至正月十五）20天做工有额外补贴400元/天/人、共计8000元/人。现场工人反映，目前工地上没活，春节作业是按照开工出勤情况计算，工人担忧若不出工或没有补贴，故向施工单位讨要补贴说法。后双方协商，陆续离开工地。2021年2月13日15时23分，接指挥中心指令城东路和甪里街中建工地，因为春节补贴问题，现场工人情绪比较激动，要出人命了，我所民警汪健出警，稳定工人情绪，并将工人带回所内协商，下一步，南湖派出所将密切关注动态，积极做好协调稳控工作，有新情况立即上报。"
2,"2021年02月17日17时39日群众张杏芳来所报警人称被人打了群众张杏芳（330402194103091224,13736867530，江南太阳城32幢1503室）来所报警人称被人打了，民警金永伟在所接待报警人，2021年2月16日16时，在江南太阳城32幢1单元门口，被2018年在派出所调解过楼下邻居段金池（360502194402053616,15372390272）相遇引起纠纷，并被对方辱骂右肩处也被对方打了一拳，我所已受案调查。因为段金池住在张杏芳楼下，平时一直再家里烧香，双方矛盾产生已久未得到解决。"
2,"2021年2月20日17时许，大桥镇建国村鹅九湾22号，俞永根（330411196601074414，15888344125）报警称被俞吉欢（330411199301264412，精神病人）发病后打了三拳，联系俞吉欢父亲俞正华（33041119671130441X,13736463818）协商赔偿事宜。邻居担心俞吉欢发病时再伤害他人。"
2,"2021年2月19日，南湖区大桥镇十八里桥天明花园B区6-104.。罗明卫（412725196812070612,18268349618）与妻子翁凤娟（412725197112210666）因家庭琐事发生纠纷，后发生肢体冲突，民警现场将双方分开。报警人为两人儿子罗文超（412725199305070611,15957343830）。报警人到达后自称母亲翁凤娟有精神疾病，并称家务事情无需派出所处理，将自行解决。"
2,2021年02月17日02时许，接110指令在浙江省嘉兴市南湖区七星街道汇众佳苑2幢702室有人被家暴。民警到达现场经了解系潘丽（412829198808233263，13837683962）称其老公杨森（411521198910106457，15557383937）未经其商量就把他们的钱借给男方父亲和其他人，两人发生争吵。潘丽摔坏了部分家里的东西，还咬伤了杨森，双方主要存在问题为潘与杨母之间有强烈的婆媳矛盾，从而引起潘对其老公的不满。请社区上门予以化解。
2,【扬言】来电人是南湖区大桥镇急先锋救援公司职工，反映单位克扣工资，如果今晚12点以前拿不到工资，就去纺工路1265号九头牛店里制造命案。
2,2021-01-3121:30:05桂苑小区5幢和7幢之间西侧河边的小路上，群众叶丽萍来所报警称：其邻居夏仁梅在桂苑小区5幢和7幢之间西侧河边的小路上因为狗的事情被对方打了。民警吴志华在所接待报警人，经了解：2021年1月31日15时30分与至2021年1月31日15时40分之间，事主夏仁梅（330402194604070042，13375731680）在桂苑小区5幢和7幢之间西侧河边的小路上遛狗散步时，因琐事与一陌生女子发生争吵，后引发肢体冲突。2021-02-0622:50:32接110指令，桂苑小区29幢楼下，有人溜狗不牵狗绳，狗扑上来，狗主人还打我。2021年2月6日晚上，由民警徐志强带辅警到现场，系王东辉（411024198605198537，15868358393）因为吕爱成（330402197511071250，18657327723）遛狗没有拴狗绳，狗惊吓了王东辉，后王东辉骂了吕爱成，吕爱成打了王东辉一下，没有明显伤势，经过现场协商双方同意互相道歉，由吕爱成赔偿对方200元医药费，当场履行支付。因桂苑小区在近段时间内接连发生两起因遛狗发生打架纠纷，且小区养狗居民较多，存在安全隐患，还需要街道有关部门予以关注。
2,反映：来电人是魏塘街道南桥新村79号的住户（户口在魏塘街道但是不在住的地方，有居住证），来电人购买了一辆新能源车，要在该地址安装新能源充电桩。供电所要求街道盖章证明，但是魏塘街道不盖章。同样的情况，罗星街道可以盖章，为什么魏塘街道不可以？另外要投诉魏塘街道办事处工作人员顾文军，来电人在咨询问题的时候，态度很差，恨不得冲过来跟来电人打架。请相关部门调处。等共计6个事件需处理。
2,2021年1月21日10时09分，王店派出所接110指令：王店宝华村10组秀才浜17号，五六个人打我们2个人，救护车不要，没有工具。经民警处警至现场，经了解系2021年1月21日10时许，在王店宝华村10组17号，高条花（女，330411196307202024）因觉得千岛湖饮水工程施工会造成自家房屋损坏，后与千岛湖饮水工程施工人员发生纠纷，后发生推搡，未发生打架情况，经民警现场口头调解，纠纷已平息，如觉得饮水工程存在隐患，可向村委或政府相关部门反映。（今日二次报警）
2,"2021年1月13日，我所接报警美迪家园内家暴。民警到达现场后经了解，李明忠（身份证：340122197603190311,15157537775）与简明霞（身份证：52012119790220002X,15957345928)为夫妻关系，双方多次因家庭琐事例如汽车开空调跳故障码等吵架并发生肢体冲突。"
2,"2021年1月12日20时许，我所接报警信达南郡60幢507时内有感情纠纷。经了解，石萌萌（绳子：320723199310292423,18268359939）正在法院起诉与朱建（电话：15906229399）离婚，但是目前朱建反悔。朱建之前不时的到石萌萌家开在冷水湾菜场内闹事，并已多次报警。"
2,"2021年1月12日10时许，我所接报警嘉兴市南湖区余新镇农庄村龙逸服饰宿舍内打架。民警到现场后了解，余大元（532128197502023755,18469254976）与赵祖瑞（532128197404083762,13732590497）谈恋爱（没有领结婚证），现在余大元的女儿余冬梅（53212820040118372X，17773109923）与赵祖瑞的儿子谈恋爱，1月12日余大元多次动手打余冬梅及赵祖瑞的儿子。"
2,2020年12月29日17时20分丽苑五期8幢101室我和老公打架，无工具，救护车不要。民警警至现场，系黄芝艳（362324198812060365，17858326243）与姜兴彬（512527197612251216，15888318809）双方因感情问题发生纠纷，后发生轻微肢体冲突，后民警对双方进行批评教育并告知。
2,2020年12月30日18时02分马厍花园3期8幢1单元101室我在家里被老公用凳子砸了，救护车不要，他人还在。民警到现场处置，系陈巧（510230198203104316，18680753536）与周少元（510230198010183388，17623828958）因感情问题发生纠纷，后将双方带回派出所内当场调解。
2,鲁建明（330411195802031416）新塍镇南阳村凤凰桥34号。此人疑是精神有问题，对行为能力有时不能自控。
2,2021年1月5日晚，湘南公寓1幢305室住户来所反映楼上406室住户刘燕丽（411123198508090021，13738262820）称晚间影响其休息，并经常对305室住户进行辱骂。
2,2021年1月4日7时16分许，我所接110指令嘉辉大厦505室昨天晚上和家人闹矛盾了。民警到达现场，报警人姚强（330425197911015818，15957313438）表示505室系其一人居住没有其他人员同住，刚才系自己没有休息好胡思乱想所致，发现姚强患有严重肾病，每周需要做两次渗析，每天因为腰部疼痛休息不好，在交谈过程中表现出消极厌世情绪。
2,2020年1月2日20时许，王店派出所接110指令：王店梅北路创都物业这里吵架，要打架里。经了解系物业代表杨国成（男，310110195202150837）与业主因物业经费使用问题发生纠纷，现双方一直无法协商成功，可能会有不稳定因素存在。
2,2020年1月3日15时46分，王店派出所接110指令：浙江省嘉兴市秀洲区王店镇南塘工业区，老板不发工资，报警人称现场吵架了。处警到现场，经了解系2021年1月3日15时许，在王店镇南城工业区，吴国（男，530625200102162714，18367609785）等人与赵肖（男，362334198708082815，13362329555）因劳资、工伤等问题发生纠纷，经民警处警，现已告知吴国等人前往劳动部门解决。
2,2020年12月22日21时19分油车港金地艺境15-2305我爸在用手打我妈人还好，我十岁了，15990304915民警到现场处置，系邓俊阳（413026198901094219，18867656638）与卢胜燕（520221198802134889，15990304915）因夫妻琐事发生纠纷。
2,新篁社区新篁幼儿园门口一个广告牌一大早被大风吹掉了一半，8.点多差点把一个环卫工人砸死，每天早上晚上很多小朋友都要经过这里，剩下的广告牌摇摇欲坠，马上掉下来了，然后8.45分马上求助12345和110，打了10几个电话2个小时没人管，，，，无奈打119求助5分钟过来解决，，，，，，，，，，，为什么想不通？？？难道非得等到出了大事情才会马上解决吗，预防难道就这么不在乎吗？？？
2,来电人是南湖区巴黎都市的商户，物业和业务会规定缴纳的物业费相差太大，物业要求按照电梯房的价格来缴纳物业费，且缴纳的物业费太高（佳源物业），物业要求的物业费价格是1.8元/平方，业务会公布的价格是1.15元/平方，非常不合理，所以现在所有商户一直都没有缴纳物业费，现在物业都不让商户的车辆进入，保安和商户经常发生肢体冲突，希望街道和政府能出面处理。
2,2020-12-2318:48:39接110指挥中心指令称：在牡丹坊13栋106，家属报，中午11点左右，小区改造施工的脚手架的卡扣掉下来砸到老人，老人头部受伤在二院住院了，要报个警，以防施工方耍赖，老人身份乔文清（330402194002072411，13645736855，牡丹坊13幢106室），该人员目前后脑勺受伤，缝了2针，在第二医院3号楼13楼住院。因报警人后续肯定要找小区改造施工方讨要说法，存在不稳定因素，特此上报。
2,2020年12月16日9时19分，接指挥中心指令，纺工路甪里街口，有另外一个施工单位不让我们施工。接到警情后我所民警沈有才和辅警赶往现场。经了解，系中建八局承建火车站工地的施工负责人杜汉文（341221198401014197.18667166392）带十多名工人正在用大型机械施工，上海城建公司城建的有轨电车施工负责人郑祖光（15936230173）也带多名工人正在用大型机械施工，施工地点在甪里街纺工路路口北150米处纺工路路面上，因双方同时要在此处施工，发生施工交叉，相互因谁先施工协商不成，有可能发生要强行抢先施工发生群体性打架纠纷。经与街道综治办联系，火车站工地甲方属于嘉福集团，有轨电车属于交投公司，此事存在不稳定因素，特此上报。
2,2020年12月9日上午，仲建芳（男，身份证330411197106125012，电话15345838313）与仲建明（男，身份证330411196604135016，电话15868307297）因土地问题发生推搡，下一步需要相关部门跟进。
2,2020年12月15日19时24分，王店派出所接110指令：王店红联村丰收浜5号，有人把我老婆打了，不要120。民警处警至现场，经了解系2020年12月15日19时许，张修友（男，342122196612043919，18367370826）因其妻子郭芳芝（女，341221196606018686，18258383429）在王店红联村丰收浜5号，被方苏（男，342425199502110518系精神异常）不慎打到遂报警，经民警处警，方苏现已由其父方龙高（男，342425197108150555，18268471923）带回家中妥善照顾，并承担郭芳芝医药费。建议由村委会上门核查是否存在精神类疾病，是否需要列管。
2,2020年12月14日08时04分在翰林府第18幢602室，人有报警称：老公打我，救护车不要，工具没有13645730110。民警陈嘉韬与辅警到达现场，系吴顺建（33042119860808473X）和妻子张晓岚（33042119861118472313645730110）因家庭琐事发生纠纷，后两人发生肢体冲突，吴对张打巴掌，张抓扯吴脸部和胸部，民警对两人进行教育，开具家暴告诫书，并告知可以协议离婚或者法院起诉离婚。两人后送小孩上学以后自行前去解决
2,2020年12月07日19时21分，接110指挥中心指令，在巴黎都市维莱特宫地下车库，有人报警称：我老公打我。民警汪健带辅警到现场，经了解系当事人庞君（330402198810291231，电话：18505735859）怀疑其妻子孙燕萍（330402198809070642，电话：13736409070）有外遇，责问其下午去向，孙燕萍不愿告知，庞君殴打妻子至轻微伤害，后孙燕萍报警。民警对庞君进行告诫，发放了家暴告诫书。并告知夫妻双方要通过理性手段处理家庭矛盾。之后在12月08日11时11分，我所再次接指挥中心指令，在巴黎都市维莱特宫3幢1401，有人报警称：我老公打我，手里拿了剪刀，脸上受伤了。民警韩伟伟与辅警出警至现场，系报警人孙燕萍（330402198809070642，13736409070，巴黎都市维莱特宫3-1401）反映称：其与其丈夫庞君因感情婚姻纠纷，产生矛盾后发生肢体冲突。民警到场时庞君已离开现场。孙燕萍称双方已经准备离婚，并已达成离婚协议。孙燕萍明确表示不需要民警处理了。因此事存在不稳定因素特此上报。
2,新丰镇乌金浜村邱家村5号邱田荣因拆迁房屋砖头归属问题与拆砖头工人多次发生冲突，需村委会出面调解及关注。
2,新丰镇北村田洋组100号刘永凤与曹建军夫妻间因感情问题多次发生纠纷，刘永凤多次被家暴，需镇妇联及村委会出面调解及加强关注。
2,反映：2010年4月30日来电人老婆在魏塘街道三家村天海制衣厂上班，被人打了。当时没报警，天海老板说给其处理。来电人把厂里面的玻璃打坏了，被警察拘留5日。后来来电人老婆人不见了，2020年疫情期间，在惠民街道发现来电人老婆在捡垃圾吃，精神伤残二级。来电人认为是当时被打伤所致，打人者应该负责任。要求书面回复。等共计5个事件需处理。
2,来电人是人民路蔡家埭1幢503室居民，反映今天和老公吵架，老公报警了。南关厢居委会的人上门调解来电人与其老公的夫妻关系，婆婆给居委会的人开门以后就不管了，居委会的人来敲来电人的房门。态度非常差，自己有抑郁症但是对方一点都不客气，反而非常强硬，来电人感觉受到了伤害。要求以后有事打电话。
2,1月11日，当湖东湖汇门口，这里有人打架，电话回拨不接。报警人高思美（女，610425199711154123，13736890412）自2020年3月至今共报警23次，其中5次发生于当湖辖区内的感情纠纷。出警民警反馈：高思美（女，610425199711154123，13736890412）和陈宏胜（男，422825198106121618，18668351883）两人吵架，后带回所内调解，双方互相谅解后回去。
2,"2021年1月8日凌晨3时许，在桐乡市梧桐街道市场路东北烧烤店,当事人庞仪因进入该店未关门与正在喝酒的朱忠伟、宗家明产生纠纷,后当事人庞仪被朱忠伟、宗家明殴打。庞仪一部手机受损坏。庞仪身体均无大碍。"
2,2021年1月7日凌晨，双方在仓基街因琐事发生争吵，许光华被殴打致轻微伤。
2,2021年1月11日，双方在钱江东路四季联华门口，因让路问题引发争吵，发生肢体冲突。
2,2020年1月曹俊波在其厂内卸货未按规定操作，钱才锋说了他几句，后两人发生口角，并开始骂人，接着产生肢体冲突，钱才锋动手殴打曹俊波导致曹俊波受伤，曹俊波花去医疗费400元，并休息了12天。曹俊波要求钱才锋赔偿医药费及精神损失费。
2,电A16202012150010反映：我要投诉崇福交警中队编号为048136的工作人员，我在崇福二院急诊室门口遭到工作人员的动手，并言语辱骂，态度十分恶劣，请部门核实并给我一个答复。
2,来信反映，其因举报当地建筑行业官商勾结导致豆腐渣工程，当地政府非法占地等问题遭打击报复，多次被无故殴打，对此相关公安机关未依法处理。如，2015年3月31日，在嘉善西塘遭旅游公司任林殴打，后嘉善县公安局不受理该案，并作出不予行政处罚决定。2015年9月12日，其无故被张文华殴打，办案民警徐彬非法办案。该县人民法院2018年对涉及其人身伤害问题所做的行政判决不公正，要求撤销等问题。此次反映2020年8月进京上访遭截访、非法拘禁，要求查处。
2,截止2020年12月14号晚6：30，嘉兴市秀洲区油车港镇派出所出具了《不予行政处罚决定书》，从事情发生的9月28号开始，历时2个多月，一个行政治安案件要花2个多月的时间来告知，里面有什么问题吗？有什么猫腻吗？派出所告知对方承认有争吵，但是不承认殴打，但是我外公身体已经造成伤害了，造成身体伤害（达到轻伤），用“行政治安案件”处理”就是代表我外公身体受到伤害自己造成的？？？明明造成轻伤了，就是因为对方不承认殴打，不可以做司法鉴定，最后以治安案件处理？现在存在争吵，不承认殴打，造成轻伤了，还不能做司法鉴定？多次询问派出所，都没有正面回答。得到的结果就是“”行政治安案件”。（我这边会去嘉兴市人民政府行政复议）。也希望省公安局能够重新审理案件。正面回复一下关于刑事案件能不能立案的问题。因为多次询问，派出所都不正面回答我。派出所只字不提“刑事”。有猫腻吗？
2,滨江玉湖苑南门口，陈威威（男，320826199305102036，13160019799）要进小区装修，因停车与保安李佳豪（男，412728200101023535，17639713563）等人发生纠纷，后打架，带回所内调解处理。
2,2020年12月11日20时20分左右，在崇福镇建业南路都市风情处，当事人祁琦与老公张文斌因感情问题发生纠纷。我所责任民警对双方进行调和，经了解祁琦与张文斌经常因家庭琐事发生争吵，祁琦称丈夫平时为人还可以，但因性格原因，张文斌一旦发生争吵情绪就比较激动，控制不了并有家暴行为，为此祁琦表示想离婚，但孩子还小放不下，故一直拖着。我所民警对双方进行工作并告知相关法律及解决途径，双方当事人也表示会妥善处理婚姻问题，但该矛盾未能彻底化解，双方还会因此事发生冲突，需关注。
2,8月12号入住结请之前的水费&nbsp;，9月用水量56吨&nbsp;水费150左右&nbsp;，用水量异常&nbsp;查看过没有太阳能漏水&nbsp;马桶没有漏水！去斜桥水务局反映&nbsp;，&nbsp;。11月份用水量115吨&nbsp;一直反映&nbsp;&nbsp;没有收到任何处理的结果&nbsp;，工作人员一口咬定&nbsp;是我们家自己马桶漏水造成了。作为国家单位&nbsp;处理问题的结果就是这样草率的么？扬言&nbsp;不交水费&nbsp;就直接停水&nbsp;严重威胁到居民的切身利益&nbsp;！！希望有关部门受理！！！！
2,来电咨询她老公在嘉兴缴纳了医保，中断了几个月，后来在海宁这边工作缴纳过，这个月要动手术，不知道医保能不能用。
2,姜有仁在工业园区绿化养护中，长期未发放工资，现在要求劳务公司发放工资。不让要去闹事。
2,朱健康在海盐街上和人打架把对方打伤对方要求赔偿10000但是朱不愿意双方又要打起来了。
2,袁腾飞在秦山工业园区上班时受伤现在要求厂里赔偿，但是对方不同意。双方互不相让。袁腾飞要闹事。
2,落塘周玉英来反应自己的房子已经30年了现在已经很老旧，经常漏雨，儿子也要结婚。现在很急希望要重新造过。希望政府解决下不然要去闹事。
2,秦山街道北团村四组顾平观反应退伍军人的待遇问题说如果不解决好就去镇里闹事！
2,来电人反映自己被人殴打后当地林埭派出所一直没有给其做伤情认定如何办？
2,其1986年结婚后户口外迁（期间娘家重新建房），1997年12月离婚后户口回迁曹桥街道勤安村2组娘家，2001年因购房入户将户口迁往当湖街道永乐里，2004年胡全英和胡明华分户进行财产分割，当时其户口不在户内，分家协议里并未涉及财产分割，2018年经村委调解后，胡全英与胡引华签订分家协议，约定由胡引华赡养母亲并获得部分房产。现娘家涉及拆迁，因娘家宅基地审批中无其份额，街道告知不作拆迁安置。（要求约见市长，扬言见不到明天开始天天在市政府门口等市长）
2,来电人是福临新家园小区的业主，小区里面要造一个院子，咨询主干道要挖一个地下通道是否合理？扬言挖掘机野蛮施工要出人命的。
2,扬言上访人员政策讲解稳控
2,【扬言】来电人是福临新家园小区的业主，反映小区里面要造一个院子，咨询主干道要挖一个地下通道是否合理，扬言挖掘机野蛮施工要出人命的，请有关部门核实处理。
2,【扬言】来电人居住在海盐塘路名湖人家2幢106室，表示自己精神上有一定疾病，属于社会回避性人格，每次隔几天就需要睡几天，且易怒，近四年都没有找到正当的工作，医生建议其住院，但是自己表示在医院治疗时，自己的生存欲望会更低。近两天由于自己没有正当收入，自己的车辆（浙F016DJ）被交警依法扣走，如果近期不赎回的话车辆就会被强制报废，自己曾与地社区的书记反映自己的情况，但后来也没有任何回复，并表示需要避免电话直接联系，只能通过微信或者当面协调处理。现咨询部门对于特殊人群是否有相关特殊政策？
2,电A21202012150021反映：2017年开滴滴车时车子被乘客砸了，报警后派出所只是告知在查询中，至今都没有任何进展，请问该怎么办？
2,反映其2013年9月1日至10月15日在梅兰苑社区与如意社区负责保洁，直至今年才拿到3000多元工资。期间经常到当湖街道物业管理处催讨工资，但街道迟迟以没有资金为由，拒绝发放。2019年11月15日被当湖街道物业管理站工作人员张金华殴打，与其沟通过程中发生口角，用皮鞋踢其头部，其用手遮挡，导致其手指粉粹性骨折，住院期间该工作人员从未看望与赔礼道歉，后续还打电话至其女儿工作单位，导致其女儿被领导谈话，后自行离职，对其家庭造成影响，现希望单位严肃处理该工作人员。
2,反映：来电人是孔雀城2期联排48-5的业主，1.48-6业主打围墙时占用了来电人家50公分，要求拆除。2.48-6业主把来电人家大门口的檐头砸了50公分，要求恢复原样或赔偿损失。请相关部门调处。
2,来电人是乍浦镇农贸海鲜城卖冰块的商户，已经经营多年，但今年10月市场里开了一家新的卖冰商户，对方是政府支持的（副镇长统一召集过商户告知此事）。对方卖的冰价格比来电人高，还让市场调解员劝来电人抬高价格，来电人一直没同意，11月来电人被对方员工殴打至住院，对方还多次威胁自己。来电人认为该商户违反市场公平竞争原则，且十分不文明，请有关部门核实处理。
2,反映：来电人是孔雀城2期联排48-5的业主，1.48-6业主打围墙时占用了来电人家50公分，要求拆除。2.48-6业主把来电人家大门口的檐头砸了50公分，要求恢复原样或赔偿损失。请相关部门调处。来电人再次来电补充内容。
2,电A18202012150011反映：我们打架了，110出警帮我叫了一辆120的车到桐乡市中医院，在120的车上没有进行一般急救，但是收了我一般急救的钱。
2,来省反映：本人2018年1月12日在工作（保洁工）的时候被自己村里的一辆轿车撞伤，驾驶员逃逸，当时村长叫了另外一辆车将其送去医院，并与该车的驾驶员一起到其家拿钱看病。本人家里原有40000元，村长当时说自己只拿了4000元，但是5月份的时候，本人发现少了25000元，本人认为是村长拿去了，但是村长不承认。去村里找村长讨说法被打。现在要求：1、让村长还钱；2、自己干保洁工的4个月工资未结清。此人，说话语无伦次，欠缺逻辑。但其扬言，接下来还会去市里省里反映情况，同时表示将采取极端的手段达到自己的目的。信访经过：2020年7月23日嘉善县陶庄镇人民政府作出处理意见书，但信访人不认可。
2,12月11日下午，龚雪琴（女，24岁）与丈夫刘浪（男，25岁，均重庆人）因感情问题发生争吵，引发肢体冲突，后刘浪动手打了龚雪琴。经现场了解，龚雪琴系孕妇，当日双方发生口角，龚雪琴打算不要孩子，刘浪情绪激动下动手并将手机砸坏。据龚雪琴反映，刘浪脾气暴躁，经常对其动手，出门大半夜也不回。经民警工作，双方表示暂分开居住，冷静后处理感情纠纷。建议红色村及时上门走访了解，努力化解该矛盾，避免冲突升级。
2,12月13日凌晨，沈戴浩与朱洁夫妻双方酒后因琐事发生口角，引发肢体冲突，沈戴浩要脚踹妻子朱洁腿部，导致朱洁腿部多处淤青。经现场了解，当日夫妻双方与朋友在外喝酒，因朱洁喝太多，丈夫沈戴浩劝说未果发生口角，后回家两人吵架动手。民警现场劝说，告知双方待明日双方冷静后再处理家庭矛盾。建议石路社区及时上门了解并开展矛盾调解，努力化解该矛盾，帮助引导建立和谐家庭生活。
2,来电人咨询打架斗殴以及后续赔偿的法律问题。
2,（扬言）来电人（杭州人）是百步镇柳岸春风16幢705室业主，反映以下问题：1.当时购买时开发商宣传小区附近有轻轨站点，现发现楼盘附近无轻轨站点，认为开发商虚假宣传；2.2018年12月21日，与开发商签订购房合同，并与上海梵题房地产经纪事务公司签订居间服务协议，缴纳了3万元居间服务费，认为该笔费用不合理，咨询如何维权。（若不处理，会通过媒体曝光）
2,三人因琐事发生肢体冲突，身体无明显伤害
2,020年12月15日许，张清贵与张清涛在浙江省嘉兴市秀洲区高照街道秀园路好一家广场的租房内，双方因生活中的琐事发生口角，并引发推搡行为，未造成人员受伤。
2,2020年12月15日许，李可心与朱顺勇在浙江省嘉兴市秀洲区新城街道东升西路大桥下的中全江海工地宿舍内，双方因进门开锁问题发生矛盾，并引发肢体冲突，未造成人员受伤。
2,2020年12月14日在海宁市长安镇（高新区）中通快递8号楼312双方因休息问题发生纠纷，后发生推搡。
2,2020年12月15日上午7时10分左右，在魏塘街道南星路裕华木业南工地上，都在打工甲乙双方当事人为使用一辆劳力车的事产生争吵，随后发生了打架，在打架中，甲方刘柱头部右侧被打伤，当场出血，经嘉善中医院治疗诊断，甲方刘柱头部损伤，有一0.8cm伤口清创缝合一周拆线。
2,"2020年12月15日下午14时许,在梧桐街道双龙宾馆406室,双方因琐事发生争吵纠纷,后双方发生肢体冲突,身体无大碍"
2,2020年12月15日下午13点27分左右，在洪合镇建濮公路外贸区后面韵达快递这里，因邵显光到韵达快递寄快递与快递员工薛兆年双方发生争吵，有轻微肢体冲突，报警后双方来所调解。
2,2020年12月11日晚上22时左右，王海鹏驾驶汽车在进出浙江省嘉兴市秀洲区高照街道秀园路信达香格里小区时，与小区保安李艳超因琐事发生矛盾，并引发肢体冲突。过程中王海鹏打了李艳超，导致李艳超轻微受伤，经浙江新安国际医院治疗，花去医药费人民币480元（大写：肆佰捌拾元整），该费用由李艳超已垫付。现双方就李艳超受伤后的医疗费、后续治疗费、误工费等费用产生争议。
2,（扬言）（涉企）2020年8月19日到11月25日，来电人在于城镇三联村旬杰包装有限公司上班，签订了劳动合同，约定每月发放7200元的工资，后期发放工资时，只发了7000元/月，与前期约定的有出入，故向老板娘反映，未果。现来电反映：1.目前只收到一个月的工资，剩余工资还未下发。2.现老板娘不同意在社保网上为其减员，导致新企业无法正常为其缴纳社保。望部门核实处理并协调工资问题。（来电人表示若原企业一直不处理该情况，则会到公司去闹事）
2,来电人咨询法律问题。来电人的姐姐是个聋哑人，嫁给了一个不工作且会家暴其姐姐的丈夫，咨询如何离婚？
2,咨询法律问题。来电人的弟弟与他人打架，弟弟重伤，应该怎么走司法途径。
2,反映其姐姐李叶为平湖滨江物业员工，多次催缴少体校陶凌慧缴纳物业费，但其一直推脱缴纳。今天中午在物业与工作人员吵起来了，与其他员工推搡之间把其姐姐甩出去了，导致其姐姐头部撞到玻璃门上，其认为情节严重，希望单位严肃处理该名员工。
2,12月10日，来电人在武原街道勤俭路移动营业厅参加移动手机号码拿手机活动，买了一台vivo手机，使用2天后发现手机通话声音听不清楚、无信号等，向向商家反映要求更换一台，但对方使用后发现没有问题，让她使用一个月如有问题，到时候进行检测，认为不合理，故来反映。
2,来电人是乍浦镇农贸海鲜城卖冰块的商户，已经经营多年，但是今年10月市场里开了一家新的卖冰商户，对方是政府支持的（副镇长统一召集过商户告知此事），对方卖的冰价格比来电人高，还让市场调解员劝来电人抬高价格，来电人一直没同意，11月来电人被对方员工殴打至住院，对方还多次威胁自己。来电人认为该商户违反市场公平竞争原则，且十分不文明，请有关部门核实处理。
2,来电咨询1.在海宁交的社保，在杭州动手术的报销比例如何。2.自己在10月份提取过公积金，1月份还能领取吗。3.人才落户政策如何。
2,电A30202012140026反映:原反映：洲泉镇中心菜场调来一个大麻的领导，这边商户对其都非常不满，具体叫什么我不知道，我要投诉他。现反映：他是金凤凰集团委派下来的，冰箱什么的都不让我们摆，还和商户打架了，素质很差。
2,2020年12月4日李远呛在嘉善县姚庄镇清凉村临户大道1号滋事殴打来访人，现来访人对其行政处罚有疑异，咨询律师
2,来电人（411328198003135514，18368324499）的移动手机号办了一个和教育的套餐，每月收取10元套餐费，不清楚该套餐是什么时候办理的，平时也没有使用过，希望核实后退费赔偿。
2,近日在百妙社区南秀花园1幢304室，黄克健与儿子黄一凡（17857367536）因琐事发生纠纷，其儿子打了其一巴掌，民警现场调解处理。
2,当事人都雪娥、都玉平双方1977年登记结婚，婚后经常吵架，后出现家庭暴力。现当事人都玉平提出离婚，家庭其他成员请求调解。双方遂至海宁市社会矛盾纠纷调处化解中心申请调解。
2,12月11日13时许，振东派出所接到报警，报案人王春荣在桐乡市梧桐街道南港小区西苑38号处与其老公王保红因家庭琐事发生纠纷，后被王保红殴打，现场未能调解，带回所制作材料，值班民警对王保红进行了教育告诫，因双方纠纷未能根本性解决，请城南村对当时双方进行关注。
2,反映：2019年10月21日，在惠民街道台升大道128号铠嘉电脑商业街，来电人与同行的其他2人被7-8人殴打，当时就来电人还手了，来电人与7-8人一起被拘留了24小时，现7-8人仍正常生活，惠民派出所至今没有一个处理结果，来电人要求尽快处理给一个结果，请相关部门调处。
2,反映南阳新村小区门口道闸做的过长，导致非机动车道和人行道合并在一起，其表示不合理；小区内没有老年活动室，希望增加活动室。（要求领导过来处理，扬言铁门要用榔头敲掉。）
2,来电人是海宁出租车司机，反映海宁火车站和海宁高铁西站黑车泛滥，客人已经拉开了出租车门，黑车司机把客人硬拦下。车站内黑车司机揽客吆喝无人管理，多次因揽客发生纠纷而吵架打架，希望部门可以进行暗访，并查处。请有关部门核实处理。
2,反映：2019年10月21日，在惠民街道台升大道128号铠嘉电脑商业街，来电人与通行的3个人被7-8人殴打，当时就来电人还手了，来电人与7-8人一起传话进去拘留了24小时，现至今没有一个处理结果，来电人要求尽快处理，请相关部门调处。
2,【扬言】来电人是北京市政务热线工作人员，有位居住城南职工公寓9幢203室市民滕先生，联系方式：18058635170，因为投资玖富平台被骗，向北京公安局报案后没有立案，情绪激动（反映事宜北京已在处理），北京市政务热线希望我办留意该情况。
2,尊敬的领导，我是一名新海宁人。于2017年投入所有积蓄，于海宁市马桥街道藏绿园售楼处购买藏绿园小区40幢904室作为我海宁的新家。经过了3年的漫长等待，到了约定交房的日子，我欣喜去验看自己的新家，却发现事关我一家姓名的消防设施，是有问题的。问题如下:1.消防栓门与入户门打架，互相影响开门。影响住户火灾逃生。2.入户门打开门把手会撞击消防栓的门，造成消防栓损伤。具体如图。后经调查发现，我小区约60-80户有跟我同样的情况。我们业主与开发商沟通，开发商敷衍了事，提出装一个限门器限制开门以保护消防栓。并没有解决根本的安全问题。且安装限门器可能导致入户门开门达不到90℃的最基本家用需求。不得已与贵部门投诉反映该问题。希望贵部门可以督促开发商拿出完善的方案。
2,2020年12月13日晚上，范真行与龙涛、雷雨在王江泾镇天伦纳米厂内，双方因交接班发生争执并引发肢体冲突。
2,2020年10月14日凌晨，双方在洲泉镇小商品市场内，因琐事发生争吵并有肢体冲突，造成邓正榜头部受伤。
2,"2020年12月02日下午3时许,在梧桐街道世贸一期南京路32号33号之间,许春燕与虞浙江系夫妻俩与王桂连双方因商业竟争产生纠纷,过程中双方发生肢体冲突,王桂连头部受轻微伤,身体无大碍，住院4天,就诊费2694余元。"
2,"2020年12月12日下午13时10分许，在梧桐街道和平路美容店处，因当事人吴琼之前跟潘启斌借了人民币30946万元,今天潘启斌来吴琼的店内讨要借的钱,后产生纠纷，双方发生肢体冲突，当事人吴琼打了潘启斌二个耳光，"
2,2020年12月11日晚上21时左右，在本市梧桐街道秋华路春晓小区工地上处，双方是工地上的工友，现为了琐事发生纠纷至动手后报警来所协商
2,2020年11月12日晚9点在长安镇越川路1958号湃沃电子商务公司四楼，宦科亦和老乡庞洪闯原来在这里上班，后被公司辞退，苗克壮为公司小组长，宦科亦和老乡庞洪闯认为是跟苗克壮有关，他们二人去车间找苗克壮麻烦，双方发生了争吵，双方殴打造成宦科亦右手受伤，医院诊断右手骨折，对此事做了调解。
2,2020年12月14日许，刘杰与蒋西勤在浙江省嘉兴市秀洲区新城街道秀园路荷塘景苑小区门口，双方因进出小区拉货问题发生矛盾，并引发肢体冲突。
2,2020年7月23日凌晨2时许，在梧桐街道金粉世家KTV，因喝酒产生纠纷，发生肢体冲突，导致张龙右手骨折，去人民医院就医花费医药费人民币2900元，
2,2020年12月14日早上9时许，陈威威与李佳豪在本市当湖街道御湖苑南门口处因琐事发生口角，后双方发生肢体冲突，各有伤痛。
2,2020年12月14日上午12点42分左右，在洪合镇老市场北区3栋，夏国志开着三轮车碰到了王虎，王政坤的三轮车后，双方发生争吵，有轻微肢体冲突，报警后双方来所调解。
2,2020年12月12日下午18点52分左右，在洪合镇羊毛衫市场南区北门口，因杨佐飞的汽车挡住了王纲的汽车后，杨佐飞来移车时双方发生争吵，有轻微肢体冲突，报警后双方来所调解。
3,2021年02月10日19时18分油车港合心村夹曹公路上我的脸被人用榔头砸了，120不要。为什么砸不知道。对方在的，因为土地的事情。民警带班到现场处置，系报警人汤俊（33041119960203061X，18867652821）与汤兴宏（330411197306090619，13505738699）因土地问题发生纠纷，并引起肢体冲突，现受伤人员汤俊已去医院治疗，汤兴宏带回派出所内调查处理。
3,"2021-02-1709:42:41接110指挥中心指令称：在菱香坊10-103，我的前女友在上述地址闹事，昨晚还拿着刀。她现在在3楼,还称民警过来的话会自杀跳楼。接报警后，民警迅速到达现场，报警人是单斌（330402197908291518，13819340010）其称前女朋友项静静（330682199511296320，电话：18457356320）可能在跳楼，后民警看到一个女子在菱香坊10幢3楼窗台站立企图跳楼。民警立即至三楼，将该女子劝下后带回派出所稳定其情绪并了解情况。该对男女双方因情感纠纷多次报警。"
3,"2021-02-1618:00:07接110指挥中心指令称:在冶金三村8幢,我阳台上看到对面有个男的一直在打一个女的，把她的头按在地上，女的一直在喊救命，对面我只知道是民丰三村最西边幢三楼。民警吴志华带协警到达冶金三村8幢301室，经了解，系母亲吴亚萍（330402197312011220，13750758878）与儿子姜天楷（330402200101091210，19884363147）为家庭琐事发生冲突，后经民警调查，姜天楷有严重精神病，一个月前刚从桐乡精神病医院出来，由于父母离婚管理方面出了问题，后民警联系其父亲到场协调处理，双方同意春节后再送桐乡"
3,2021年02月21日19时10分，群众报警称有人因为觉得别人切东西声音吵，另外一个人拿刀要砍人，人没事。民警叶安出警到达华美小区2栋306室，系报警人李克玉（34032219910910385X.15888305641）因在家中切肉声音响和邻居李德才（232302198909082117.18346031302），李德才当时拿着切水果的刀，遂找李克玉理论，刀被李德才的妻子在楼梯处夺下。未发生持刀伤人行为。民警到后，带双方回所后，双方都互相道歉，调解完毕。
3,本人单亲妈妈，无业带2个儿子（大的6岁，小的2岁）在手机微信上与嘉兴宏阳企业管理有限公司冯永刚（他电话号码18967344328）联系，他把我们一共20个人左右，2020年11月3号至2020年11月14号在大桥物流园做临时工，前期答应每天日结，之后又改变说双十一活动结束结，双十一结束我们找他结工资他说在外地南京那边，（现在被宏阳公司调嘉到嘉兴宏阳企业管理有限公司南京分公司&nbsp;，南京普洛斯六合物流园管理招人）他答应双十二给我们结，后面就各种理由拖到现在也没有给我们结，中间甚至把我们拉黑，之后找到在大桥良品铺子当保安的老婆王雨露，让他老婆给他传话把我又加回微信，答应1月底回来给我解决工资事，并且会给我们一点生活费周转，但到现在为止我们一毛钱没见到，她老婆也离职不做了并且把我们拉黑了，现在他们把我们的1.4万工资拐跑彻底消失了。我儿子的奶粉钱和学费钱都没有了，我想死的心都有了，谁来帮帮我这个单亲妈妈，把我血汗钱还给我，我也是加班熬夜凭本事自己挣的&nbsp;2021年2月2号大桥司法电话调解，冯永刚回复过完年回来给我解决工资事，到现在他都没有主动给我们联系，我们发信息他也不回，冯永刚谎话连篇一直拖欠工资，到现在都没有给我解决工资事，我们因为这事，呆在嘉兴天天眼巴巴看别人家是热热闹闹的过新年，我们是捉襟见肘眼泪汪汪过的年，辛苦挣的血汗钱没了，因为家里开支经济压力大，我妈急的上火因为这事还出了车祸去了医院，给本不富裕的家庭雪上加霜，谁来帮帮我，我们娘四个真的活不下去了。孩子奶粉钱，学费钱，还有妈妈的医药钱，真的把我压死了。求好心人帮帮我吧，我们娘四个给你们跪下了！
3,2021年2月21日12时许，王店派出所接110指令：王店镇中村毛庭桥东面第二家，我15岁，叫袁魏兴，我的爸爸妈妈不让我买猫，我不想活了。我的手机没卡的。我爸爸叫袁李华13736422117，我刚才用小刀划了小臂。民警带班处警到现场，经了解系2021年2月21日12时许，在王店镇中村杨家桥20号，袁魏兴（女，330411200704015424，抑郁症患者）与其家人因琐事发生纠纷，后想不开，拿刀划自己手臂，无生命危险，现已由120对其简单包扎止血，其父亲袁李华（男，33041119840103541X）表示会自行带其前往医院治疗，民警已对袁魏兴进行开导与教育，并告知袁李华（男，33041119840103541X）对其加强看管，现汇报王店镇指挥中心。
3,"2021年2月8日17时52分，油车港派出所接到报警称：“老婆砍我”。地点在：油车港镇恒大绿洲13幢703室，民警出警到现场发现系胡俊华（412723198106278113，15883288258），其妻子赵娟（412827198610013561,15705836999），两人矛盾已久，积怨很深，时长有过激行为，望社区及时化解，多加关注。"
3,2021年2月19日17时47分，王店派出所接110指令：王店塘桥街6号，咨询报过警的事情（2月11号报警的老婆失踪），三方通话王店所，报警人称再没有结果的话，自己想不开要自杀了。民警带班处置现场，经了解系2021年2月19日17时30分许，在王店镇塘桥街6号，梁启友（男，522425198407055476，醉酒人员）报警反映其老婆张建梅（女，532129198912050722）从2021年2月10日离家出走后一直没有回来而报警，民警对梁启友进行现场法制教育，目前较为平稳，并帮其登记该情况，并将该情况汇报王店镇指挥中心。
3,"大桥镇天明花园B区，余腊梅（340822198801190526,13085637100）与其丈夫戴杨崔（340822198804100530,15888319509）。2021年1月16日戴杨崔曾称外出去重庆，后报警后经调查到是去河南了。1月28日回家戴杨崔告诉余腊梅是被传销骗了，1分钱也没有了。后又在2月14日余腊梅打戴杨崔电话不接。戴杨崔曾报警跳河。2021年2月16日，戴杨崔回到家拿车钥匙开着车准备出去，余腊梅与其母拉着戴杨崔不让出去，产生纠纷，后戴杨崔与余腊梅和余腊梅之母发生肢体冲突，余腊梅与戴杨崔回所，经工作，戴杨崔承诺不会再打余腊梅并签署家庭暴力告诫书。"
3,2021年2月11日11时53分，我所接110指令在江南新家园28幢201室内有人吃了好多安眠药。我所民警立即赶往现场，经了解系报警人李萍（320219197306144769，15757385699）系精神病人，经向其老公了解李萍未服用安眠药，只是李萍精神病发作。民警告知加强看护，若有需要可以联系街道或派出所协助。
3,2021-02-0718:03:56桂苑小区11幢402室报警称：每次楼上漏水下去，就到我家里来骂，其实都不是我家里的事。报警人沈璟（330402198606080314，15968305895）称强烈不需要公安机关去家里，民警电话联系，经了解其称因为小区改造，现在自己住处的一单元，由于水管漏水问题（感觉水从地下出来的，不知道哪里来），造成101室的车棚经常积水严重，并对当时施工单位工作态度也有强烈不满。并且因为一些旧事及家里的变故有一些想不开的念头，后报警人称自行来所说明情况，其称家里阳台浇花花坛漏水低落楼下，被楼下二楼住户经常谩骂，之后其父亲因为儿子和二楼住户争吵警告儿子不要吵，再吵就不想活了，报警人称压力过大故报警。因为此人有近此年有过多次报警记录，且扬言轻生，存在不稳定因素，特此上报
3,2021年2月9日14时17分接110指令称：有五、六个人抗拒城管执法，要点燃煤气瓶。我所民警叶浩等人立即赶往现场，经了解，系综合行政执法队对乌桥村沈家汇5号沈海清（男330411195009123614浙江省嘉兴市南湖区新丰镇乌桥村沈家汇5号）家违章搭建的车棚进行拆除，户主沈海清对执法部门该行为不理解，拿出煤气瓶，被周围群众及行政执法工作人员及时制止，沈海清情绪激动，认为不公平，只针对他家，需要镇相关部门化解矛盾。
3,1月26日22时30分许，我所接到报警称五星路大药店二楼家庭暴力。民警到达现场后经了解郎学学（18967354755）与其丈夫张耐凯（身份证：520181199008083370，手机：13067582908）发生争吵，后郎学美那锐器割伤了自己手。
3,"2021年2月7日14时15分，王店派出所接110指令：梅北路113号王店浙江嘉华特种尼龙公司厂房楼顶，我下面的工人在上述楼顶因为工资的问题要跳楼。民警接到报警立即赶赴现场，经了解系嘉华特种尼龙有限公司（秀洲建设工程正在施工）有两面外墙需要做油漆施工。余老板（联系方式：15970380529）将该工程通过“周七六”（联系方式：13586304974）介绍给李红付（男，341125199007144377，负责人）班组施工，双方当时为口头协议未签订书面协议，总工程款为52万元，已付33万元，剩余17万元未付。现因过年李红付需给手下工人发工钱，遂联系余老板结算工钱，现在只支付了2万元，且余老板已于1月28日回老家，李红付现无法支付工人工钱。后于2021年2月7日工人张恩家（男，342421196604291816,15506163463）、吴子帅（男，340323198601104231,18226680563）、李天文（男，341125199312104339,17625629771）三人爬上嘉华特种尼龙公司厂房楼顶，坐在楼顶边缘，表示需要老板出面结算工资。李红付在楼下劝导无果遂报警，经民警处警至现场，对三人进行劝导后，三人已从楼顶下来。现劳动保障局以帮助李红付与秀洲建设工程协商工程款问题。"
3,2021年1月3日，新丰杨庄村港南9号黄忠良报警称曹娟芳因赡养老人问题，服用农药自杀躺在其家门口，目前曹娟芳正在医院接受治疗。经民警了解，曹娟芳与曹琴英姐妹双方以前也因赡养老人问题多次发生矛盾纠纷，希望村委也予以关注，帮忙一起化解矛盾纠纷。1月30日，曹琴英（女330411197406053620浙江省嘉兴市南湖区新丰镇杨庄村港南９号15967342632）与曹娟芳（女330411196903223622浙江省嘉兴市南湖区新丰镇杨庄村港南９号15372339700）又因其母亲赡养问题发生纠纷，经民警再三调解，双方表示会通过司法途径解决。曹琴英、黄忠良、曹娟芳等姐妹几人多次因赡养老人的问题发生矛盾，曹娟芳甚至喝过农药自杀，此事件极易引发不稳定事件发生，相关部门需要多加关注，希望村委能够出面帮忙化解此矛盾纠纷。
3,2021年1月30日，新丰横港村海洪11号，报警人蔡水明（男330411195701234230浙江省嘉兴市南湖区新丰镇横港村海洪11号13157321756）因为老板叶春华（13905732628）不让其继续在栖凰埭的厂子装卸货，而问叶春华亲戚夏玉良（男330411197611194211浙江省嘉兴市南湖区新丰镇横港村夏家头20-1号13705732331）索要之前四车蚕茧的装车费用4000元，并报警扬言不给工资就要杀人。民警告知其不得做出违法行为，蔡水明予以保证。同时民警向其说明雇佣关系的劳动报酬和工资分别可以向镇司法所和劳动保障部门反映解决，派出所也会帮其提前与上述部门通报此事。其表示周一工作日会去镇里上述部门咨询。蔡水明报警扬言不给工资就要杀人，存在安全隐患，相关部门需关注。
3,2021年2月1日17时44分，王店派出所接110指令：房东报，在王店镇西村13组羊眼桥6号，有个租客快不行了，有两个亲戚在。民警接到报警后立即赶赴现场，经了解系杨照聪（男，512532197610016715，户籍地址：四川省筠连县高坪苗族乡英雄村3组6号，暂住王店镇镇西村羊眼桥6号租房，酗酒，患有严重肝病，无工作）下午16时许在室外上厕所时不慎摔倒，后堂弟王永强（男，51253219740226671X）发现杨照聪躺在地上口吐白沫，将其抬回租房后放至床上，对其呼喊无应答，遂联系杨照聪的哥哥并由房东报警。经120确认杨照聪生命体征消失，宣布死亡。经刑大技术、法医现场勘察和调查，初步排除他杀。现杨照聪尸体已存放嘉兴殡仪馆，并联系家属杨照成（哥哥，联系方式：18227290911）。
3,2021年1月18日14时11分，王店派出所接110指令：王店梅溪新村14-304，我女儿要跳楼，我抓住她了。民警出警到达现场，系2021年1月18日14时许，报警人温生美（女，532126198610063529，13819400116）在王店梅溪新村14-304，因其女儿薛能艳（女，530625200511173502，系抑郁症患者）跳楼自杀遂报警，民警到达现场时薛冷艳已有其母亲温生美拦下，无生命危险，经谈话了解因薛能艳家庭户口挂靠在其生父薛显平（男，532126197606293511，18268362563）处而不能去上学导致情绪激动，现民警对其进行劝解，并告知温生美联系薛显平尽早解决孩子户口问题，薛能艳目前由其继父杨跃军（男，512532196903302315，15957589118）照顾。（多次报警）
3,2021年1月11日，新丰派出所接吕茂奎报警其车窗玻璃在镇北田洋20号因玩笑被砸。经民警调解后当场平息双方矛盾，但徐永兴情绪比较激动后续可能存在安全隐患，望村委相关部门予以关注。事情经过：吕茂奎（暂住地：由桥村双龙路3260号）到刘永兴（暂住地：新丰镇镇北村河长港余云公路路边）处修理部件，刘永兴在外修理，吕茂奎进屋洗手（自来水停水），刘永兴遂怀疑吕茂奎占其老婆便宜，且怀疑两人有不正当关系，后与吕茂奎发生争执，并砸了吕茂奎车玻璃，民警到现场处置中，徐永兴表现激动，冲进房取了菜刀，扬言砍了吕茂奎，被民警当场制止。吕茂奎后放弃赔偿要求，但徐永兴仍未肯罢休。
3,王店派出所多次接群众举报：解放社区辖区内有一名名叫王桂芬（身份证号码：330411197509122246，精神异常，户籍地：浙江省嘉兴市秀洲区王店镇建南村李家浜2号，现住址：浙江省嘉兴市秀洲区王店镇百乐路解放新村加西贝拉宿舍3幢503室老公董俞松家）的女子多次在解放社区辖区内砸车及持刀等行为，现建议由村社区进行管控并送往医院治疗。王桂芬老公董俞松：330411197107025419，户籍地：浙江省嘉兴市秀洲区王店镇解放新村加西贝拉宿舍3幢503室王桂芬哥哥王雪明：15990310822
3,2021年1月5日系伤者雷霞（女51052419950521504x电话13806701504）左手手腕处有较浅的伤口，送至新丰医院及时救治，无生命危险，父亲和姐姐陪同看护，其父亲雷自勤（男510524197312304151电话15905831482）称雷霞有忧郁症，希望政府相关部门进行关注。
3,2021年1月3日，新丰杨庄村港南9号黄忠良报警称曹娟芳因赡养老人问题，服用农药自杀躺在其家门口，目前曹娟芳正在医院接受治疗。经民警了解，曹娟芳与曹琴英姐妹双方以前也因赡养老人问题多次发生矛盾纠纷，希望村委也予以关注，帮忙一起化解矛盾纠纷。
3,2020.12.30女子陈凤（511022197611021400，15988314355）与老公吵架后想不开产生自杀倾向。
3,新华新村1号楼张洪国（男3500236198612136497，15958352578）余方远敏（女.532101198809215027，18868375982）因家庭琐事产生纠纷。在争吵过程中方远敏打到张洪国额头一下，张洪国觉得自己长期被老婆欺负产生怨气。怕自己一时控制不住情绪，才报警询问杀人的后果。
3,"2020年12月23日晚上22时左右，凤桥镇星火村荆阳小区9幢村民沈引祥（330411196807152418,18858334280）来所报警称其前妻毛芝菊（330823197212128126,15858331753）因小女儿的抚养问题跟其吵架，毛芝菊还发微信称要弄死自己。经了解，双方12月21日已在镇司法所调解，调解结果为小女儿归毛芝菊抚养至生活自理，沈引祥每月出4000元抚养费，同时补偿毛芝菊30万元。现毛芝菊又反悔了，发微信给沈引祥称不要带小女儿了，沈引祥讲自己带小女儿的话便不再支付抚养费，毛芝菊随后便有上述行为。前期毛芝菊因与前夫沈引祥(离婚不离家)因女儿的抚养问题、车辆归属问题等经济纠纷发生吵架、打架等行为多次110报警（6月29日、7月7日、10月28日）和来所报警。双方打架等行为派出所已多次上门调解，究其原因还是因双方离婚后的经济问题，因毛芝菊言行过激，希望村、镇有关部门关注。"
3,来电人是吉水花园1幢602，对门603有个精神病患者，12月20日犯病了，砸碎玻璃和门窗，纵火未遂被来电人扑灭，报警后至今新兴街道派出所也没有把人带走，导致周边居民恐慌，万一再纵火，扑灭不及时就会酿成大灾，希望部门抓紧时间把病患控制带走，请有关部门核实处理。等共计2个事件需处理。
3,曾反映来电人是城南路松鹤社区松鹤里小区的业主，反映小区改造要拆除家里的防盗窗，其认为存在安全隐患，要求不拆。南湖区新兴街道工作人员上门告知可以不拆，现在社区0573-82686390又来电告知防盗窗一定要拆，态度很差，其扬言要去买农药死在家里，请相关部门核实处理。
3,2020-12-1919:11:59群众王水祥来所报案称其岳父陈文元因家庭矛盾声称要用斧头砍他老婆.民警陆子高辅警出警到冶金二村12幢103室，系报警人王水祥（330411195611023018，18967376158）反映称岳父陈文元（330402195207210915，13362362357，身体不太好，住址：冶金二村12幢103室）因家庭矛盾声称要用斧头砍他老婆陈黎莉（330402197610170924），经了解陈文元在府南街3号502室于2018年拆迁，拆迁款有其女儿帮陈文元购买冶金二村12幢103室，后陈文元发现购买的房子产权证写了女儿的姓名，陈文元于2018年8月到建设街道紫阳社区老娘舅反映过，但是其女儿一直没有去处理，所以扬言要砍女儿。民警教育陈文元通过合法途径处理，王水祥称回家转告其妻子即陈文元女儿，让陈文元到紫阳社区后联系其女儿再一起协商处理。此事存在不稳定因素，特此上报。
3,杭州海宁派出所于11.6以涉嫌开设赌场案抓捕嫌疑人蒋子华&#40;绰号，蒋爷&#41;，但是蒋牵扯另一宗非法吸收公众资金事件，牵扯2000多人，涉及金额10多亿！导致2000多不知情的受害者家破人亡，期间因为律师带话，说赌场案不牵扯非吸，蒋在经侦的监督下愿意良性退出，给受害者返款，所以受害者一直在等待相关返款适宜，12.9，蒋被证实逮捕。返款方案也迟迟没有开展，受害者中大多是宝妈，已经情绪崩溃、希望公检方能为民做主！等共计5个事件需处理。
3,"2020-12-0818:50:55在海盐塘路菱香坊10幢103室，有人报警称：我前女友拿着刀要砍我，不要120。民警徐志强带辅警到现场，系报警人单斌（330402197908291518,13819340010）与其女友项静静（330682199511296320,18457356320）因为琐事发生纠纷，询问双方已经平复情绪没有事情了，称不需要民警处理。这两人于10月11月均因感情纠纷多次报警，且在11月的时候，街道社区调解委员会介入调解时称已经分手，不需要调解了。鉴于这两人多次因感情纠纷报警，且有过激行为，存在不稳定因素，特此上报。"
3,来电人是开发区（西塘桥街道）大宁村3组村民，房屋搬迁后拿了高层楼房的二楼，位置不好，要求开发办补充3万，因威胁跳楼妨碍公务，现被派出所通知拘留，其表示家中困难，需要照顾患有精神病的妻子，望部门协调推迟拘留日期。通话中，工作人员就在旁边，电话挂断。等共计4个事件需处理。
3,"2020年12月2日上午10时许，王凤英（女，330411195010221828,西雁村中城浜1号，18268389501）到王江泾派出所报警称，其邻居潘阿二（男，330411194101141810，西雁村中城浜27号）自2020年9月20日起，采取泼大粪、砸窗砸门、扔死人鞋子等方式对其家宅进行多次骚扰，严重影响王凤英一家生活。潘阿二认为妻子潘爱珍（女，330411194607121825,于2020年9月16日死亡）的死亡是王凤英丈夫黄德观配置的降压药导致的。王凤英一家多次报警，王江泾派出所、西雁村干部多次上门意欲解决无果，望相关部门及时跟进解决。"
3,新兴辖区一起家庭财产纠纷存在不稳定因素11月28日，倪赏春（男，53岁，户籍地嘉兴市南湖区闸前街51号，住新兴街道文纬里15幢101室）来新兴所反映，因为文纬里15幢101室的房产问题，其侄子倪晓斌（男，30岁，户籍地嘉兴市秀洲区新塍镇陡门村庙后桥6号）扬言要跟他同归于尽。12月1日上午，新兴所会同街道司法所将倪赏春和倪晓斌约至派出所进行协调。经了解，文纬里15幢101室的房子原房主为倪赏春的父亲倪顺富，2008年倪顺富去世后一直由倪赏春在居住，但一直未办理过户手续。2018年，倪赏春的弟弟、也就是倪晓斌的父亲倪双华也因病去世。之后倪赏春、倪晓斌叔侄两人关系也算和睦。近日，倪赏春为了将文纬里15幢101室的房子过户到自己名下，让倪晓斌签署了一份自愿放弃对文纬里15幢101室房产的继承权利的声明，并到公证处进行了公证。后倪赏春顺利将文纬里15幢101室房产过户至自己名下，并转手卖掉该处房产得款86万。双方的争执点为倪晓斌称当时在签署声明前倪赏春曾答应房子卖掉后会分给倪晓斌一、二十万，而倪赏春称当时自己只答应给倪晓斌2万元。因当时双方未签署书面协议，具体情况无法查证，倪晓斌认为倪赏春欺骗了自己，而对倪赏春怀恨在心。经上午的调解，双方仍然各执一词，不肯让步，最后未能达成一致意见，且整个调解过程双方情绪均较为激动。民警对倪晓斌进行法制教育，要求其通过合法途径解决纠纷，不能有过激行为。最后双方离开派出所。此矛盾目前看来暂时无法调和，且倪晓斌经济状况较差，不排除会引发个人极端情况。
3,来访举报：岙秀洲区纪委巡察组组长杜智恩等人以欺骗、恐吓的方式粗暴逼迫、强行留置的方式审查其丈夫潘志雄，致使其丈夫在家中上吊自杀，要求调查。
3,尊敬的李克强总理你好！我是一个经过土地批准环保合格的合法养殖户，但2014年6月浙江省当地政府伪造协议，伪造临时使用土地合同，违法强拆我的猪场，我合理申诉后，浙江腐败官僚没有从源头解决问题，反而对申诉人打击报复，他们无所不用其极，对我监控跟踪拦截拘留。你说过如果你在基层感觉不到阳光，你到中南海来。但我在北京被浙江注京办截访回当地后，多次被传唤拘留。在人权，经济，精神的多方面打击下，2017年我老婆喝农药自杀，现受害人上有70岁的双亲，下有十几岁的两个小孩生活困难，请求尊敬的李克强总理为民主持公道，要求浙江省当地政府恢复受害人的养猪场赔偿损失。在2019年6月11日浙江省嘉兴市桐乡市崇福镇恒球皮草有限公司，在挖污水池劳动中发生重大安全生产事故，有两个工人触电身亡了，桐乡市政府第一时间封锁消息。警告家属不准扩散死亡真相。6月19日张志杰发短信给桐乡市市委书记盛勇军，要求调查上报后，桐乡市当地政府工作人员上门要求张志杰不要多管闲事，恒球皮草厂方和黑社会人员对张志杰威逼利诱，但我都拒绝了他们。通过政府信息公开后得知，恒球皮草公司违章建筑28000多平方米，但至今没有依法处理。尊敬的李克强总理，一个是合法的养猪场被强拆害得我家破人亡，一个是违章建筑28000平方米，发生重大事故还隐瞒不报。浙江腐败官僚官官相护，反而桐乡市的主管领导都升职了，请问法律在哪里？同样是浙江省桐乡市的公民，在党中央依法治国的今天，人权平等在哪里？请求尊敬的中央领导惩治腐败不动摇，严惩腐败官僚，为民主持公道。
3,2020年12月25日20时09分许，振东派出所接到报警，报警人王诗建与当事人张陈红为邻里关系，王诗建称因为楼上张陈红家卫生间漏水多次上门找楼上调解，25日双方又因漏水问题发生纠纷，双方态度都不好，王诗建称张陈红拿有鞋子砸人、张陈红老公周潮清手拿菜刀恐吓等行为，处警现场将双方当事人带回所调解，经工作双方情绪暂时已稳定。因双方邻里之间积怨较深，且双方情绪都容易激动，且王诗建多次报警，请银菊社区对当事双方进行关注调解
3,乙方系甲方的雇工。2020年09月03日程必梅在工作中，被涂胶机链条割伤。诊断为：左手环指远节指骨远端局部缺如，周围软组织缺损。现经双方友好平等协商达成如下协议:
3,[梧桐派出所]2020年12月21日上午，中山东路753号金忠明报警称，当天陆晓勤与其通电话称想不开，要死在金忠明家。经了解，二人系感情纠纷，金忠明想分手，而陆晓勤不同意。经工作，金忠明表示会妥善处理此事，陆晓勤自称是吓唬金忠明。
3,反映其独山英汇汽车部件负责清洁胶工，清洁胶导致其皮肤过敏，今天第一天请假，单位告知请假当天没有工资，其表示不合理，找劳动部门协调告知需要由工伤部门鉴定，是否因操作中使用含有刺激性化学成分，但单位未给其购买工伤保险，第三方做工伤鉴定需要钱，其表示没钱。（其表示不想活了，扬言明天借钱去北京，要在北京跳楼，看看是否有人管）
3,近日在银河社区长水路骏力路中铁一局4标，王志杰（16637050379）在快速路二标段干活与孙建才因工程翻工和工资问题有分歧，后再长水路与城南路找到王志杰（未发现跳楼的情绪），民警将两人带回所协商，并对双方做法律宣讲工作。
3,反映新埭的城管连几个月的小狗都不放过（去年的事情），直接将狗弄死，拿回去吃掉，其对此有异议，希望部门调处。
3,当年交的钱一点作用都没有，这个平板用都没用，学校必须退还我们的钱，如果不退到时候我会到他们学校跳楼，后面的事情都是学校责任
3,其10天前向平湖交警大队底楼最东面窗口举报王伟飞（洁房小区66幢102室，几单元不知）患有精神分裂症且在20年前杀人，今年7月监外执行结束后报考驾照，并取得了驾驶证。交警大队核实过程中没有将其信息保密，导致被王某知道是其举报，向其发了人身威胁短信，其认为交警大队做法不合理，希望部门及时调处。
3,2020年7月3日6时30分许，邓显秀（51352219680601476615268315412）来乌镇值班室反映称：其与老公黄忠军（51352219760516471118805831837）住在乌镇镇凤仙新村1幢1单元101室，其老黄忠军公经常酗酒与其吵架，2020年7月2日18时30分下班到家19时左右，进门就发现其老公坐在客厅的沙发上，已经喝了酒，看到其进门就开始骂，其没搭理去洗澡煮东西吃了，洗完澡正要到桌子上吃东西的，打开菜罩的时候，其老公就过来将桌子掀翻了，扬言要“杀了她”还想拿菜刀结果菜刀放在下面其老公没拿到，然后其老公就将其推倒在地上，还踩了其胸口一脚，其站起来后就跑了出去，其老公到门口就把门锁了，其就在外面楼梯间里躲了一晚上。（凤仙新村属南宫社区，将情况反映给社区民警后续跟进处理。）其后经社区民警工作矛盾纠纷一直存在，民警约谈黄忠军并让其签下家暴告诫书，7月31日邓显秀再次来乌镇分局反映称黄忠军对其实施家暴，民警对黄忠军传唤行政拘留，12月26日邓显秀再次来到乌镇分局值班室反映称其老公酒后要打她并扬言要“杀她”，民警约谈黄忠军并再次让其签下家暴告诫书。流转社区进一步关注。
3,（扬言）来电人是武原街道首荡村6组5号村民，反映几年前组里建浜岸时占用了村民20多亩田地，现浜岸已建成，剩余的田地荒废着未归还给村民耕种，前期向村书记许惠云反映此事未解决，导致电话被拉黑，现反映以下问题：1、要求相关部门至现场查看，并在一个星期内处理完成。2、要求村书记将他的电话移除黑名单，与他联系。（如部门不前往现场查看，会拨打上级电话反映，同时如村书记不将他的电话移除黑名单，则要杀人）
3,一、通过国家信访局网站https:www.gjxfj.gov.cngjxfjwsxfindex.htm1、向中央纪委反映2、向中央政法委反映请将我的诉求转至中央纪委（中央政法委）特大诈骗团伙屡屡作案公安部失职渎职应担责我是恒马金融、捷利交易宝金融科技有限公司诈骗案被害人***，2019年11月6日，按照诈骗分子指使，通过“捷利交易宝”app虚假交易港股，导致我被骗**万元。我在基层公安报案，案件不侦查，我向公安部举报又杳无音讯，我现在向中央纪委（中央政法委）投诉公安部的失职渎职不作为，放纵犯罪团伙屡次作案。一、几起案件概况2019年5月起，该特大诈骗团伙以布尔金融、恒马金融、博诚金融的名义，通过深圳捷利交易宝app虚假交易布局港股实施诈骗，连续作案，被害人波及全国，涉案数亿元。二、案件简介该诈骗团伙作案时间长，同一伙人（经声音识别）分别在①“冠联资本”直播间（2019年5-7月），②“王牌对王牌”操盘竞赛五强之战直播间（2019年11月），③“中证上市杯”直播间（2019年12月），④“股市爱国会”直播间（2020年3月疫情期间），⑤“黄埔军校”直播间（2020年10月至今）等地方布局港股，通过手机商店内下载的“捷利交易宝”app（该公司全称“捷利交易宝金融科技有限公司”，注册于深圳，在香港上市）虚假交易，对接虚拟盘后造成亏损假像，实施诈骗数亿元。三、因对深圳捷利交易宝公司的信任误入骗局诈骗分子虚设金融网站值得防范，但上市公司深圳捷利交易宝公司为其开发app，且在任意一款手机商店内均可下载安装，并提供端口接入、账号登录、交易服务、数据存储等功能，彻底击败了受害人的安全防线。四、受害人遭遇受害人遍布全国，均因案致病、因案致贫，从40后到90后，绝大部分为中、老年人，养老钱、救命钱被骗，拖垮了一个个家族，有的因被骗生病，病情加重，卧床不起；有的妻离子散，家庭破碎，举步维艰；有的借新还旧，负债累累，生活难保；有的身患抑郁，恶梦缠绕，生不如死。五、维权过程１.报警：全国数万名受害人报警时，有的公安机关以非诈骗行为回绝受害人；有的以警力不足、经费不足搪塞受害人；有的以案情复杂“久拖不立”，有的则“立而不侦”；有的直接答复，基层公安侦办不了，只有公安部才能侦办。２.网络举报：至公安部网络犯罪举报网站举报，各省公安厅网站举报均无下文。请转至政法委
3,来电人的公司账户被查封，法院冻结其全部资产，员工要讨要工资，其无法支出，公司名称：上海淘一房地产经济有限公司嘉兴分公司，地址：置地广场B幢1801室，员工扬言跳楼等，其担心出人命，请有关部门核实处理。
3,【扬言】来电人的公司账户被查封，法院冻结其全部资产，员工要讨要工资，其无法支出，公司名称：上海淘一房地产经济有限公司嘉兴分公司，地址：置地广场B幢1801室，员工扬言跳楼等，其担心出人命，请有关部门核实处理。
3,把我的手指弄断，键断后现下冷水痛，终身残疾，猛击头部，当时喊救命都喊不出，每次打人故意打在我乳腺癌开刀这一面，所以经常疼痛，现坐骨神经痛，走路有点拐，欺负我身体差，撬房门耒拿东西，翻的乱七八糟，我和战友，同学拍的照片拿走，没法把东西放九十高令娘那儿，结果去撬娘屋子的锁，碰到床头警报器，故意多次房门灯不关，我碰到二次，弟媳妇碰到二次，娘去乡下二十天，娘报了1丨0，耒人打招呼叫我娘东西不缺不要响了，娘年事己高，怕受儿子指责，不了了之，叫她上硖石派出所，娘走不动，也不知东南西北，居会会小组长上门叫娘有什么事可仅映，我放娘处的东西缺，存心捉弄人。
3,2020年12月21日21时31分，群众报警称在市区中华东路与杏南路路口，有个人喝醉了躺在路上。民警处警至现场，经了解为当事人周日新与孙云芬系夫妻关系，因周日新怀疑孙云芬在外面有男人，故双方发生纠纷，后周日新喝醉并躺在马路中间。我所民警对双方进行劝导，后双方情绪稳定，称会自己协商处理。因周日新躺在马路中间有轻生念头，故请莲花社区进行关注调解。
3,来电人是洪合镇良山村9组的村民，自家的田地被村里统一租给承包商使用，期间两年的租金都没有给其，9组的其他村民都收到了租金。再次来电表示该事项还未解决，希望部门尽快处理，如不处理表示会杀人。
3,2020年12月23日晚17时30分左右，在本市梧桐街道西郊庄园70幢409室，双方为经济上的事和曹阳想跳楼的事，报警来所协商
3,【扬言】来电人曾来电反映：洪合镇良山村9组的村民，反映自家的田地被村里统一租给承包商使用了，但是期间两年的租金都没有给其，9组的其他村民都收到了租金。现再次来电该事项还未解决，希望部门尽快处理，如不处理表示会杀人。
3,【扬言】来电人曾来电反映：洪合镇良山村9组的村民，反映自家的田地被村里统一租给承包商使用了，但是期间两年的租金都没有给其，9组的其他村民都收到了租金。现再次来电表示该事项还未解决，希望部门尽快处理，如不处理表示会杀人，请相关部门核实处理。
3,反映其是嘉兴助力非融资性担保公司的受害人，已无钱给丈夫治病，助力董事长沈发明曾说过“南湖区我都摆平了”，现追回救命钱难度很大，认为区某些官员不作为，乱作为，掩盖真相，欺上瞒下。（详见原信）
3,尊敬的领导您好！我是陈金华事因本人于2020年11月一日认购了海盐县地产开发有限公司(嘉南首府)3－104房在销售洗脑式吹嘘中交了5万元定金，后面因为家里老父亲病情加重，导致没有办法购买、在后续和他们交涉中。发现他们在骗我们，，1诱骗我们说他们是碧桂园的项目，但是我们到碧桂园询问，人家说早就退股了，2：他们内部人员冒充碧桂园法务，我弟弟去帮我处理的时候还骂我们，还威胁我们。如果开发商都是这样操作，那么我想问还有天理吗，还有王法吗，良心都被狗吃了吗？本来父母年纪大了，身体也不好了。为了这个事情，老是以泪洗脸，要是有什么事情，我和你们势不两立，希望政府各个部门介入调查一下，替我们老百姓做主，帮我们索回交的五万元救命钱，感谢政府，
3,2020年12月23日中午，在屠甸镇湖滨庄轩别墅区59幢，当事人陈梦莹与当事人李刚（男，身份证号：330724199607171110，13857302318）因陈梦莹来看小孩引纠纷，现在闹离婚，陈梦莹自杀倾向，需关注。
3,12月21日下午，朱文强（男，30岁，河南漯河人）因工资结算问题发生纠纷，后情绪激动从工地宿舍二楼跳下，民警到场协助120送医救治，暂无生命危险。现场走访得知，朱文强打算离职回家，当日找包工头结算工资，但包工头回复等资金到账立马分发，先核对下明细，一切结束后朱文强回宿舍跳楼。建议海昌街道（经济开发区）予以关注，及时走访了解，妥善解决该纠纷。
3,沈宠珍因老公涂全荣没钱给儿子花引起纠纷，沈宠珍还因此跳河，民警至现场将其拖上岸，对其批评教育，当场平息，仍存在隐患。
3,（扬言）来电人（河南户籍）目前在柯桥工作，12月13日被中介带到（开发区）西塘桥街道蓝城春风桃源2幢1203室，支付了8万元定金，并与开发商签订协议，当时开发商销售人员和中介告知该楼盘到杭州只有20多分钟，现发现楼盘距离杭州路程很远，向开发商反映要求退房，销售人员表示定金协议上写明因个人原因退房定金不退，但会帮忙向领导申请，明天给答复，其表示不认可，故来反映，望部门协调处理。（通话中，来电人表示若不给与处理，有轻生念头）
3,来电人是吉水花园1幢602室，对门603室有个精神病患者，12月20日犯病了，砸碎玻璃和门窗，纵火未遂被来电人扑灭，报警后至今新兴街道派出所也没有把人带走，导致周边居民恐慌，万一再纵火，扑灭不及时就会酿成大灾，希望部门抓紧时间把病患控制带走，请有关部门核实处理。
3,2020年12月21日19点在姚家荡社区长新公寓2期60幢406室，富杰与张晓霞（150683449755）因感情问题发生纠纷，未持刀伤人，民警现场调解处理。
3,"2020-12-2115:37长水所接到报警，有人一直在哭。民警带班到达现场，听到有一女子在久久小区29幢406室内边哭边打电话，民警在门外不停敲门询问是否需要民警帮助，女子一直不吭声，后经进一步敲门询问该女子称:你们公安管不了，我也不需要你们帮助。其自称没事，要求民警离开现场，民警离开时告知其派出所电话，如需帮助及时拨打派出所电话，该女子答应，后经查询，该女子名为程秀丽(女，330482198803302141,18858280757),因跟起丈夫离婚，小孩抚养权的问题，请来一家秀洲区律师事务所的律师帮忙打官司，后因程秀丽对该律师不满意进行上访无果、可能产生轻生念头。"
3,来电人2019年12月份开始向秀洲区司法局投诉一个律师吴朝静（浙江省首届十大律师，从业30多年），咨询处理结果一直没有给到答复，其表示秀洲区司法局一直在瞎说，后被转到嘉兴市司法局，其咨询地址，12月21日嘉兴市司法局不允许其过去咨询，其表示要自杀。其表示这通电话是遗言，打完电话后要向成都大学的老师一样去自杀。（曾联系过中央，其表示律师是秀洲区司法局内梅贤勇的亲戚；嘉兴市司法局顾伟峰和他们也是一伙的）其第一次到法院起诉时，拿了秀洲区法院处的一张负责诉讼保全的名片：汪建安（后得知其曾是秀洲区法院的书记员），通过汪建安的介绍联系到了吴朝静律师。与吴朝静签订了代理委托协议，给了两笔律师费，给钱后律师说收到钱后会把相关的证给他。为了提高律师费，吴朝静要求其去做伪证。其联系家里保姆做伪证，保姆不同意，其又担心，找其母亲帮其去联系亲戚做了伪证给吴朝静。所以第一笔算出来的律师费是7000多元，吴朝静告知要等一个误工费的标准费出来后才可以结第二笔钱，第二笔钱大概是3000元左右。第二笔钱给完后双方签订了代理协议书，但是吴朝静一直不给其代理协议书。2019年7月给了其一张两笔费用的发票。后吴朝静要求其撤销一部分的诉求，双方对于案子处理有纠纷时，汪建安表示吴朝静让他去秀洲区司法局谈可以退钱，但是到了后，吴朝静表示其做过伪证，不给退钱，不给其委托协议。又逼着其接受被告的条件签字调解。但是代理协议一直不给其。按照法律来说律师需要存档，整个办理期间吴朝静要求其签订相关材料时不允许写下日期，只签名字，且每次都是汪建安来跟他联系，但是与吴朝静说的又不一致。案子进行到一半的时候汪建安还主动跟其索取好处费。现在的情况是吴朝静不退钱也不帮其打官司。每次法官要开庭，吴朝静就要求线下协商调解不给开庭，还要收取异地办案费。汪建安还要求其给吴朝静送礼物，其不敢送大礼，就送了些自己包的粽子。
3,来电人是吉水花园1幢602，对门603有个精神病患者，12月20日犯病了，砸碎玻璃和门窗，纵火未遂被来电人扑灭，报警后至今新兴街道派出所也没有把人带走，导致周边居民恐慌，万一再纵火，扑灭不及时就会酿成大灾，希望部门抓紧时间把病患控制带走，请有关部门核实处理。
3,【扬言】来电人2019年12月份开始向秀洲区司法局投诉一个律师吴朝静（浙江省首届十大律师，从业30多年），咨询处理结果一直没有给到答复，其表示秀洲区司法局一直在瞎说，后被转到嘉兴市司法局，其咨询地址，12月21日嘉兴市司法局不允许其过去咨询，其表示要自杀。其表示这通电话是遗言，打完电话后要向成都大学的老师一样去自杀。（曾联系过中央，其表示律师是秀洲区司法局内梅贤勇的亲戚；嘉兴市司法局顾伟峰和他们也是一伙的）其第一次到法院起诉时，拿了秀洲区法院处的一张负责诉讼保全的名片：汪建安（后得知其曾是秀洲区法院的书记员），通过汪建安的介绍联系到了吴朝静律师。与吴朝静签订了代理委托协议，给了两笔律师费，给钱后律师说收到钱后会把相关的证给他。为了提高律师费，吴朝静要求其去做伪证。其联系家里保姆做伪证，保姆不同意，其又担心，找其母亲帮其去联系亲戚做了伪证给吴朝静。所以第一笔算出来的律师费是7000多元，吴朝静告知要等一个误工费的标准费出来后才可以结第二笔钱，第二笔钱大概是3000元左右。第二笔钱给完后双方签订了代理协议书，但是吴朝静一直不给其代理协议书。2019年7月给了其一张两笔费用的发票。后吴朝静要求其撤销一部分的诉求，双方对于案子处理有纠纷时，汪建安表示吴朝静让他去秀洲区司法局谈可以退钱，但是到了后，吴朝静表示其做过伪证，不给退钱，不给其委托协议。又逼着其接受被告的条件签字调解。但是代理协议一直不给其。按照法律来说律师需要存档，整个办理期间吴朝静要求其签订相关材料时不允许写下日期，只签名字，且每次都是汪建安来跟他联系，但是与吴朝静说的又不一致。案子进行到一半的时候汪建安还主动跟其索取好处费。现在的情况是吴朝静不退钱也不帮其打官司。每次法官要开庭，吴朝静就要求线下协商调解不给开庭，还要收取异地办案费。汪建安还要求其给吴朝静送礼物，其不敢送大礼，就送了些自己包的粽子。
3,12月18日凌晨，张光梦（女，18岁，云南昭通人）与许勇（男，26岁，四川宜宾人）因感情问题发生争吵，引发肢体冲突，后许勇制止张光梦摔物品间用手掐了其脖子。经现场了解，张光梦与许勇系男女朋友关系。当日张光梦在海盐喝酒吵架，后被派出所带回，许勇赴派出所接回家后一直闹矛盾，还扬言要跳河。因民警到场后张光梦仍处于醉酒状态，告知许勇等酒醒后冷静处理感情纠纷，不得动手。建议长啸村及时上门走访了解，并开展矛盾调解工作，努力化解该矛盾。
3,近日在文博社区泰富世界城6幢1303室，陈刚（15868226969）与其老婆宋佩姚（51162119890107718X）发生争吵，后宋佩姚服药自杀，宋佩姚被送往医院，后陈刚来电称宋佩姚身体无碍。请社区加以关注。
3,来电人是做门套的小包工头，南湖区双龙路289号的荣达家具有限公司拖欠12个工人去年24万多元的工资，自己不懂法律无法起诉，荣达也说自己去告没有用。手下的工人有些受不了了，要跳楼，希望部门帮助自己讨工资。
3,【扬言】来电人是做门套的小包工头，反映南湖区双龙路289号的荣达家具有限公司拖欠12个工人去年24万多元的工资，自己不懂法律无法起诉，荣达也说自己去告没有用。手下的工人有些受不了了，要跳楼，希望部门帮助自己讨工资，请有关部门核实处理。
3,2020年12月18日下午，振东派出所接到报警，系王婵与李勋未夫妻关系，李勋在市场路95号家中因王婵经常在外赌博输钱而发生争吵，争吵过程中双方因想不开要跳楼。值班民警到达现场对王婵进行劝阻后，双方自愿来所调解。振东老泉毛调解室已对当事双方进行了工作，现在双方心态平稳。因王婵仍存在个人极端风险，请城南村对王婵进行关注。
3,杭州海宁派出所于11.6以涉嫌开设赌场案抓捕嫌疑人蒋子华&#40;绰号，蒋爷&#41;，但是蒋牵扯另一宗非法吸收公众资金事件，牵扯2000多人，涉及金额10多亿！导致2000多不知情的受害者家破人*，期间因为律师带话，说赌场案不牵扯非吸，蒋在经侦的监督下愿意良性退出，给受害者返款，所以受害者一直在等待相关返款适宜，12.9，蒋被证实逮捕。返款方案也迟迟没有开展，受害者中大多是宝妈，已经情绪崩溃、希望公检方能为民做主！
3,前段事件吴清莲在嘉兴一院那边扬言跳楼，目前处于管控状态，现在在家里修养，需要及时关注她本人状态
3,菜刀沾水后，很容易生锈，这时，我们可以将菜刀浸在淘米水中，来除去菜刀上的锈迹；或者用新鲜的萝卜片、马铃薯片或葱头片蘸上少许细沙来擦拭。
3,"2020年12月18日下午2时左右，在桐乡市梧桐街道王子果园二楼一单元内，双方当事人系夫妻关系;己生育二孩子一男一女,今天双方因生活琐事及经济损失一事发争吵,当事人王婵因想不开要跳楼等一系列事情,今出警人员劝阻后"
3,杭州海宁派出所于11.6以涉嫌开设赌场案抓捕嫌疑人蒋子华&#40;绰号，蒋爷&#41;，但是蒋牵扯另一宗非法吸收公众资金事件，牵扯2000多人，涉及金额10多亿！导致2000多不知情的受害者家破人亡，期间因为律师带话，说赌场案不牵扯非吸，蒋在经侦的监督下愿意良性退出，给受害者返款，所以受害者一直在等待相关返款适宜，12.9，蒋被证实逮捕。返款方案也迟迟没有开展，受害者中大多是宝妈，已经情绪崩溃、希望公检方能为民做主！
3,2020年12月17日13点31分在姚家荡社区长新公寓112幢204室，经了解喻常彪（18875875351）的母亲李正菊（511023197108277421）于12月13日离开乘坐高铁嘉兴，后购买去海南的机票，离开地点在新气象路和由拳路，系长水所辖区，长水所已受理过，经长水所调查，李正菊有准备地离开，事先拿了家里的钱还有衣物，但是喻常彪及其父亲要求民警一定要找到李正菊，现场多次指责民警，后民警带喻常彪等人到长水派出所，长水张卫明副所长接待，做了相关解释，但是喻常彪等人还是不满意，再三表示还要跳楼。请社区加以关注。
3,##杭州诈骗案蒋子华#杭州海宁派出所于11.6以涉嫌开设赌场案抓捕嫌疑人蒋子华&#40;绰号，蒋爷&#41;，但是蒋牵扯另一宗非法吸收公众资金事件，牵扯2000多人，涉及金额10多亿！导致2000多不知情的受害者家破人亡，期间因为律师带话，说赌场案不牵扯非吸，蒋在经侦的监督下愿意良性退出，给受害者返款，所以受害者一直在等待相关返款适宜，12.9，蒋被证实逮捕。返款方案也迟迟没有开展，受害者中大多是宝妈，已经情绪崩溃、宝妈已经已经连最起码的生活都维持不了要还网贷压力太大受不了有自杀跳楼希的望公检方能为民做主！请求杭州公安经侦立案@杭州公安@海宁公安@浙江公安@杭州市萧山人民政府，没有一个部门管这件事情，到现在还没有立案，因为骗子蒋子华花了800万买通当地的关系，活不下去了，养娃的钱没了，还负债累累
3,金俊法官：你很清楚：执行局的执行依据一定是判决书！！五个放贷平台上60．33亿债权，如果不在判决书上完整地写出来，那你高院就是想甩锅！无视完整的债权～就是让受害人用血汗钱来买单；让逃废债逃之夭夭！为此我们提的要求如下：一、高院必须纠错！因为判决书上没有的内容执行庭是不会去执行的，必须以法办事！学习E租宝仔细认真地反映审计上完整的应收债权金额！以判决书上正确的数据追款，还受害人的血汗钱！二、你们出炉的沪高法【2018】360文件，也是根据刑法，刑事诉讼法和司法解释制定出来的指导意见，有法律依据的！p2p暴雷全国都知道～由谁来还钱？法律上很明确～只能是集资行为人和借款人来还！那么，你在判决上必须列出完整的债权，才能还法律、社会、民生的一个公道！三、公检法必须围绕着“以为民追赃挽损”为目的展开执法行动！对罪犯的审判量刑也必须围绕着这个中心而展开！如果法院不考虑民意民生，急于为量刑而草草结案～而无视60．33亿应收债权，这是受害人的救命钱！造成放跑了逃废债的严重后果，法院准备知法犯法吗？你对得起头上的国徽吗？26万受害人能罢休吗？能放过你们吗？金俊法官：对善林金融非吸特大案，如果案卷的资料反映了不完整，你法院将无法作出正确的宣判！26万受害人的数字是触目惊心的，他们有的自杀有的重病，正处于水深火热之中，你作为此案的法官，何去何从，你看着办吧！26万善林金融受害人：2020．12．16附审计报告43页、44页、45页
3,杭州诈骗案蒋子华，杭州海宁派出所于11.6以涉嫌开设赌场案抓捕嫌疑人蒋子华&#40;绰号，蒋爷&#41;，但是蒋子华牵扯另一宗非法吸收公众资金事件，牵扯2000多人，涉及金额10多亿！导致2000多不知情的受害者家破人亡，期间因为律师带话，说赌场案不牵扯非吸，蒋在经侦的监督下愿意良性退出，给受害者返款，所以受害者一直在等待相关返款适宜，12.9，蒋子华被证实逮捕。返款方案也迟迟没有开展，受害者中大多是宝妈，已经情绪崩溃，有的已经抗不起网贷自杀跳楼，希望公检方能为民做主！请求杭州公安经侦立案@杭州公安@海宁公安@浙江公安@杭州市萧山人民政府
3,2020年12月16日晚七点半左右，位于金涌花苑四区后方的俞家堰小区发生跳楼事件。围观人员及时拨打了110、119、120&nbsp;，但是在这样生死关头，要求门卫值班人员将停驾桥处消防通道的门打开以便消防车进入，门卫值班人员却说没有这个门的钥匙。众所周知，金涌花苑四区在过去十年间，一直都是没有物业管理的情况，甚至连门卫都只是一间空房子。去年开始，秦山物业开始正式对小区进行管理，在本身地面车位无法满足小区停车量的情况下进行了抽签租车位的形式。但是僧多粥少，仍有将近一半的车主是没有租到车位的。而物业承诺的对于没有车位的车辆进行管理也以年初时疫情在小区门口设卡点为借口搁浅至今。从而导致了小区内车辆乱停乱放，各种通道、路边被车停满，再加上近两个月的地下管道工程施工，加剧了停车压力。面对今晚这样事关生死的突发事件，对于物业的管理提出如下质疑：1.门卫值班人员没有消防通道门的钥匙，请问在突发事件发生时如何保证消防车及时进入保障小区业主的生命安全？2.车辆乱停乱放，抢占车位，占用公共通道甚至消防通道，在危机时刻会因此不能及时施救从而造成多大的损失？
3,南苑二里5幢306室周某因感情问题自杀未遂
3,杭州诈骗案蒋子华#杭州海宁派出所于11.6以涉嫌开设赌场案抓捕嫌疑人蒋子华&#40;绰号，蒋爷&#41;，但是蒋牵扯另一宗非法吸收公众资金事件，牵扯2000多人，涉及金额上亿！导致2000多不知情的受害者家破人亡，妻离子散，期间因为律师带话，说赌场案不牵扯非吸，蒋在经侦的监督下愿意良性退出，给受害者返款，所以受害者一直在等待相关返款适宜，12.9，蒋被证实逮捕。返款方案也迟迟没有开展，受害者中大多是宝妈，已经情绪崩溃、希望公检方能为民做主！
3,于市长你好！我儿子在今年元旦那天，在湘溪蘭園看房，经不起诱惑，在晚上8点多交了5万元压金，选了一套房子，要我们3月份付首付款，但今年过年就封城了，本来是打算把桐庐的房子卖了去交首付款的，因为疫情也卖不了，我一直在跟他们的营销员沟通，宽限一下，等到我5月份拿钱去交首付款的时候，他们说5.1号前就把我们选的房子卖了，说5万元钱也没有还了，是我们违约了，我回来后就病倒了，对我们来说，这是一年挣下来的辛苦钱啊，他们就这样没收了，儿子怕我想不开，就故意说请朋友帮忙会要回来的，可是已经到年底了，这个钱都没有办法拿回来，我只能求政府部门帮帮我，我是个残疾人，挣钱真的不容易啊，房子没了，钱也没有了，请于市长帮帮我们吧！儿子在临平工作，临平的房子太贵，我们卖不起，所以选择了洲泉镇的房子，价位低一点，谁知道会损失这么多啊！于市长求求你，一定要帮帮我，帮我要回这5万血汗钱啊！
3,刘永胜雇佣朱正权到秀洲大道北--秀洲区民工子弟学校从事木工。同年10月30日朱正权在务工期不慎被锯子割伤小腿，送往浙江新安国际医院治疗，伤势诊断：软组织疾患。现已康复，双方因赔偿事宜多次协商未果
3,2018年1月5日晚上，来电人在海昌街道洛隆路625号雷豹皮革有限公司内，找到一个骗来电人钱的人（名字：余维，女性，身份证：330382198807261767），当时现场就报了警，警察来了认为是经济纠纷，没有录口供和立案，警察刚从现场离开不到5分钟，该厂区内出来很多男子要将余维带走，来电人上前不让余维离开时，被余维和其他几名男子殴打，其中一名男子持刀威胁来电人，来电人只能松手让余维离开，余维坐车离开，来电人马上又报了警，海昌派出所再次出警，带回所里录口供，当时没有给来电人任何回执单或处理结果，12月15日13时40分打过去海昌派出所咨询当时的案件处理结果，杨姓警员告知没有处理结果，让来电人再等待，问了杨姓警员警号和全名，但对方拒绝答复并挂机。诉求：1、2018年1月5日晚上被余维等人殴打的处理结果要有进度和说法。2、对杨姓警员的服务态度不能接受，要求投诉。3、对当时第一次报警不受理的行为不认可，认为不作为。
3,"海昌街道洛隆路百汇大厦9楼919家庭婚姻感情纠纷宁梦晴感情纠纷""12月10日凌晨，宁梦晴（女，22岁，安徽亳州人）因感情问题在洛隆路百汇大厦9楼919室租房内用纹眉刀割手腕方式自杀，朋友已在现场劝阻。民警到达现场时，宁梦晴酒后情绪激动，反映生活压力太大，男友又提分手，导致自己心中压抑，时常想要做出个人极端举动，初步检查手部伤势不严重，随后120到场进行简单包扎。经民警劝说，宁梦晴情绪暂平复，交由朋友照顾。建议洛隆社区及时上门走访了解，为当事人进行心理疏导，避免再次发生极端举动。"
3,本人滕军，身份证号430425198111068311.本人于2020年8月18日入职平湖市中发产业园英汇汽车配件有限公司，每天工作点对点12小时，期间有大概一星期上班超过点对点12小时，上班时间14小时，工作期间手臂多次檫伤，割伤，后于9月15日办理离职手续正式离职，9月底发薪日收到一笔1600元，10月底收到一笔500元打款。总共收到2100元打款，联系英汇公司合作劳务职家公司得到的答复是扣除各种款项应发工资就是2100元，我工作27天就80元一天都不到，等于白干，后联系独山岗劳动监察部门得到的答复是，跟据他们调查英汇公司已经将我的工资全额发放给职家劳务，职家劳务扣除各种款项应发2900元，等于联系劳动监察部门只能要回600元不到，现在我多次联系不上劳动监察部门，电话打不通没人接，有人接要么是叫我过去登记，要么是说这些事不是他管的，现在本人不在浙江地区不方便上门登记，希望相关部门可以帮我拿到应属于我的劳动薪资，非常感谢！
3,反映：3月19日来电人在惠民街道优家村小刀电动车店买了一辆电动车，但是商家给了来电人一辆电动摩托车，现要求换回电动车，请相关部门调处。
3,近日在姚家荡社区姚家荡湖边，周潮报警不想活了，已送往医院救治，其父亲周承应（18358344166）到医院照看。请社区加以关注。
3,纺工路与Ｙ213交叉路口往东南约200米(尚景蓝湾西侧约50米)萧宏建设环境集团有限公司拖欠来电人10月11月工资，如不处理就跳河自杀了，后挂断电话。
3,李斌、李燕属合法夫妻关系，因家庭矛盾，2020年12月2日、12月10日，报警人李斌已经在嘉善罗星街道、平湖当湖街道多次报警，并且报警人称李燕有自杀倾向，需要帮助。
3,来电人的老婆今天早上六七点不到的时候将电瓶车停在时代广场聚婴美外面，红色的小刀电瓶车，傍晚五点多下班过去，车子不在了，停车收费的阿姨告知可能是城市管理的拖走的，听说城管拖走的话应该有张纸贴在地上的，但是来电人没有看到地上有纸，也不知道是不是被偷走了，现在也不知道去哪里找电瓶车，来电寻求帮助希望帮助核实是否城管拉走的。
3,反映：纺工路与Ｙ２１３交叉路口往东南约200米(尚景蓝湾西侧约50米)萧宏建设环境集团有限公司拖欠其10月11月工资，已建议其周一来电帮其转接劳动监察，来电人不听，表示如不处理就跳河自杀了，后挂断电话，请相关部门核实处理。
3,近期嘉兴19楼讲空头板块有个帖子，已被置顶好几天了，内容是关于一个嘉善宝妈带着一岁的孩子不戴头盔开着摩托车到嘉兴，且交警看到了也没有管的事件，此帖子评论里还有当事人老公要买凶杀人的图片，认为网站将这样没有正能量的文章置顶，且没有做到监管，很不合理。望相关部门核实处理。
3,来电人表示电A24202012100031这个单子中没有表述其已经患了忧郁症这个事情，现要求增加。
3,来电人表示近期嘉兴19楼讲空头板块有个帖子，已被置顶好几天了，内容是关于一个嘉善宝妈带着一岁的孩子不戴头盔开着摩托车到嘉兴，且交警看到了也没有管的事件，此帖子评论里还有当事人老公要买凶杀人的图片，认为网站将这样没有正能量的文章置顶，且没有做到监管。望相关部门核实处理。
3,"2020-12-0818:50:55在海盐塘路菱香坊10幢103室，有人报警称：我前女友拿着刀要砍我，不要120。民警徐志强带辅警到现场，系报警人单斌（330402197908291518,13819340010）与其女友项静静（330682199511296320,18457356320）因为琐事发生纠纷，询问双方已经平复情绪没有事情了，称不需要民警处理。这两人于10月11月均因感情纠纷多次报警，且在11月的时候，街道社区调解委员会介入调解时称已经分手，不需要调解了。鉴于这两人多次因感情纠纷报警，且有过激行为，存在不稳定因素，特此上报。"
3,来电人反映1818黄金眼夸大其词，导致其老婆要自杀了。
3,信件编号：WX20200688738475如附件问题点1.事件发生后，县级环保局的政策执行仍旧拖拉，还正在有序推行中，县级的上级单位市级早在一年前就已经出台，（环保部门执行力度太差）2.投诉反映后，当天打过电话未接到，回电后无人响应（处理方式过差，为了缓解政务网的投诉而已）解决问题点1.是否真正关系到与本部门相关，执行力加强，并需要时效性，（杀了人杀人的惩罚还没出来，可笑）2.是否真正落实到为人民服务，不忘初心，杜绝敷衍了事的思想。加强思想作风，压制。
3,上海祁繁劳务派遣有限公司派遣张坤至平湖慧鸿服装股份有限公司进行工作，2020年11月18日，张坤因琐事从平湖慧鸿服装股份有限公司三楼车间跳楼自杀导致身体多处受伤，事发后送往嘉兴第一人民医院治疗，目前生命体征平稳。现三方就张坤人道主义补助问题请求调解。
3,12月7日，金色港湾6幢1单元1801室，报警称朋友（女）打她电话，说因工作、感情问题不想活了，报警人打她电话也不接，现在其朋友家门口，敲门也没人应，需要帮助。后指令撤回。报警人陈晓（330482199203243920，联系电话：13586400906）自2020年3月报警7次，3次为交通事故。
3,凤翔小区门口的宣传栏玻璃碎裂，张贴信息以及居民查看信息时容易割伤，造成安全隐患
3,来电人是开发区（西塘桥街道）大宁村3组村民，房屋搬迁后拿了高层楼房的二楼，位置不好，要求开发办补充3万，因威胁跳楼妨碍公务，现被派出所通知拘留，其表示家中困难，需要照顾患有精神病的妻子，望部门协调推迟拘留日期。通话中，工作人员就在旁边，电话挂断。
3,信访举报投诉投诉人：伍德雄，地址：福建省莆田市荔城区新度镇，电话：13276925223被投诉人：嘉兴市花伊朵贸易有限公司，统一社会信用代码：913304110951627062，地址：浙江省嘉兴市秀洲区美盾路58号2号楼西二楼北侧商品名称：绿豆沙，配料：水、绿豆、白砂糖、花生、食用盐、食品添加制(单，双甘油脂肪酸酬、胶塘脂肪酸酯，质原胶、D.异抗坏血酸钠、甜蜜素，安赛室、柠檬黄，亮菌食品用香精，执行标准：Q/JSDS0001S-2017，生产许可证：SC10632030200366，保质期：12个月，生产日期：2020年8月5日事实与经过：本人因生活所需2020年10月16日通过拼多多平台花伊朵食品专营店购买了一碗绿豆沙，微信支付成交共花费9.9元，订单号：201016-384622103162262，商家使用极兔快递发货，快递单号：JT5008378546958，于2020年10月30日日在福建省莆田市荔城区新度镇下板路口小刀电动车收到该商品，该食品为普通食品却暗示药物治疗效果，经朋友和网上查询得知该食品不符合【GB7718-2011预包装食品通则】《食品安全法》《广告法》《反不正当竞争法》该食品多处提到绿豆有营养有价值并配上文字与图案，在食品名称中也是该绿豆使用文字强调，在食品包装上面也写着清凉解暑冰镇一碗绿，（根据本草纲目里记载用绿豆煮食，可消肿下气、清热解毒、调和五脏、安精神、补元气、滋润皮肤、一碗绿运用现代生产技术、优选上等原料、精心熬制而成、老少皆宜）根据【GB7718-2011预包装食品管理通则】.配料的定量标示中“4.1.4.1如果在食品标签或食品说明书上特别强调添加了或含有一种或多种有价值、有特性的配料或成分，应标示所强调配料或成分的添加量或在成品中的含量”该食品也没有标明出特别强调绿豆添加量成分或者含量，并且还暗示宣传药物治疗效果，对消费者造成欺诈误解行为，对这种不负责任的企业售卖的食品，希望能立案侦查还消费者一个安全绿化的市场第十二条任何组织或者个人有权举报食品安全违法行为，依法向有关部门了解食品安全信息，对食品安全监督管理工作提出意见和建议。
3,来电人是开发区（西塘桥街道）大宁村3组村民，房屋搬迁后拿了高层楼房的二楼，位置不好，要求开发办补充3万，因威胁跳楼妨碍公务，现被派出所通知拘留，其表示家中困难，需要照顾患有精神病的妻子，望部门协调推迟拘留日期。（其另外的号码：18868366851）
3,来电人是开发区（西塘桥街道）大宁村3组村民，房屋搬迁后拿了高层楼房的二楼，位置不好，要求开发办补充3万，因威胁跳楼妨碍公务，现被派出所通知拘留，其表示家中困难，望部门协调推迟拘留日期。（其另外的号码：18868366851）
3,来电人是开发区（西塘桥街道）大宁村3组村民，因前期跳楼现被派出所通知要拘留一个星期，其表示家中困难，望部门协调推迟拘留日期。
3,（扬言）（涉企）来电人目前在山西临汾，2020年7月1日-10月31日在（开发区）西塘桥街道棕榈路爱拓环保有限公司工作，10月31日离职时，老板告知11月中旬结清工资，现9月、10月一万多工资未发，故来反映。（扬言若不处理会跳楼、堵路、堵门，执法人员前往现场也不会离开）
3,新优路小刀电动车十字路口乱停车摆摊，影响来往车辆。
3,来电人是南湖区大桥镇胥山村鲁家浜8号的村民，2016年的时候来电人的父亲被后面的邻居倪伟打了，当时来电人在外地出差因此不知道，父亲当时也没有报警。来电人知道后向村里反映，村里表示会介入处理，但至今为止村里也没有处理好，父亲经常胸痛，晚上也睡不好只能吃安眠药。来电人希望部门协调，督促村里让倪伟赔礼道歉并进行赔偿。
3,"2020年12月7日20点07分在长新社区长新公寓四期153幢401室，经了解长新公寓153幢201室朱剑龙（330411199612102816）患有忧郁症，嘉兴市康慈医院给出证明。经常用铁锤砸墙，砸邻居门、墙，告知父母张华容（510524197001121382，,1567373299）尽快带其去医院救治。请社区加以关注。"
